created_data	Etapa	status	MARC_PLURIX	Contagem de CPF
01/01/2026	0. Etapa de Digitação de CPF		0	1389
02/01/2026	0. Etapa de Digitação de CPF		0	3925
03/01/2026	0. Etapa de Digitação de CPF		0	3417
04/01/2026	0. Etapa de Digitação de CPF		0	2968
05/01/2026	0. Etapa de Digitação de CPF		0	3031
06/01/2026	0. Etapa de Digitação de CPF		0	2452
07/01/2026	0. Etapa de Digitação de CPF		0	2340
08/01/2026	0. Etapa de Digitação de CPF		0	2092
09/01/2026	0. Etapa de Digitação de CPF		0	2119
10/01/2026	0. Etapa de Digitação de CPF		0	1796
11/01/2026	0. Etapa de Digitação de CPF		0	1666
12/01/2026	0. Etapa de Digitação de CPF		0	1893
13/01/2026	0. Etapa de Digitação de CPF		0	2209
14/01/2026	0. Etapa de Digitação de CPF		0	2098
15/01/2026	0. Etapa de Digitação de CPF		0	2113
16/01/2026	0. Etapa de Digitação de CPF		0	1855
17/01/2026	0. Etapa de Digitação de CPF		0	1748
18/01/2026	0. Etapa de Digitação de CPF		0	1603
19/01/2026	0. Etapa de Digitação de CPF		0	1942
20/01/2026	0. Etapa de Digitação de CPF		0	2302
21/01/2026	0. Etapa de Digitação de CPF		0	2477
22/01/2026	0. Etapa de Digitação de CPF		0	2313
23/01/2026	0. Etapa de Digitação de CPF		0	2074
24/01/2026	0. Etapa de Digitação de CPF		0	1798
25/01/2026	0. Etapa de Digitação de CPF		0	1719
26/01/2026	0. Etapa de Digitação de CPF		0	2171
27/01/2026	0. Etapa de Digitação de CPF		0	1761
28/01/2026	0. Etapa de Digitação de CPF		0	1593
29/01/2026	0. Etapa de Digitação de CPF		0	1664
30/01/2026	0. Etapa de Digitação de CPF		0	1721
31/01/2026	0. Etapa de Digitação de CPF		0	1435
01/02/2026	0. Etapa de Digitação de CPF		0	1255
02/02/2026	0. Etapa de Digitação de CPF		0	1513
03/02/2026	0. Etapa de Digitação de CPF		0	1551
04/02/2026	0. Etapa de Digitação de CPF		0	1485
05/02/2026	0. Etapa de Digitação de CPF		0	1545
06/02/2026	0. Etapa de Digitação de CPF		0	1511
07/02/2026	0. Etapa de Digitação de CPF		0	1348
08/02/2026	0. Etapa de Digitação de CPF		0	1305
09/02/2026	0. Etapa de Digitação de CPF		0	1932
10/02/2026	0. Etapa de Digitação de CPF		0	1579
11/02/2026	0. Etapa de Digitação de CPF		0	1435
12/02/2026	0. Etapa de Digitação de CPF		0	1343
13/02/2026	0. Etapa de Digitação de CPF		0	1189
14/02/2026	0. Etapa de Digitação de CPF		0	1090
15/02/2026	0. Etapa de Digitação de CPF		0	1044
16/02/2026	0. Etapa de Digitação de CPF		0	1219
17/02/2026	0. Etapa de Digitação de CPF		0	1249
18/02/2026	0. Etapa de Digitação de CPF		0	1289
19/02/2026	0. Etapa de Digitação de CPF		0	1470
20/02/2026	0. Etapa de Digitação de CPF		0	1535
21/02/2026	0. Etapa de Digitação de CPF		0	1604
22/02/2026	0. Etapa de Digitação de CPF		0	1584
23/02/2026	0. Etapa de Digitação de CPF		0	1514
24/02/2026	0. Etapa de Digitação de CPF		0	1207
25/02/2026	0. Etapa de Digitação de CPF		0	1151
26/02/2026	0. Etapa de Digitação de CPF		0	1076
27/02/2026	0. Etapa de Digitação de CPF		0	1297
28/02/2026	0. Etapa de Digitação de CPF		0	1174
01/03/2026	0. Etapa de Digitação de CPF		0	981
02/03/2026	0. Etapa de Digitação de CPF		0	1024
03/03/2026	0. Etapa de Digitação de CPF		0	949
04/03/2026	0. Etapa de Digitação de CPF		0	1024
05/03/2026	0. Etapa de Digitação de CPF		0	939
06/03/2026	0. Etapa de Digitação de CPF		0	994
07/03/2026	0. Etapa de Digitação de CPF		0	871
08/03/2026	0. Etapa de Digitação de CPF		0	644
09/03/2026	0. Etapa de Digitação de CPF		0	931
10/03/2026	0. Etapa de Digitação de CPF		0	1047
11/03/2026	0. Etapa de Digitação de CPF		0	1081
12/03/2026	0. Etapa de Digitação de CPF		0	1036
13/03/2026	0. Etapa de Digitação de CPF		0	973
14/03/2026	0. Etapa de Digitação de CPF		0	806
15/03/2026	0. Etapa de Digitação de CPF		0	758
16/03/2026	0. Etapa de Digitação de CPF		0	992
17/03/2026	0. Etapa de Digitação de CPF		0	1052
18/03/2026	0. Etapa de Digitação de CPF		0	1088
19/03/2026	0. Etapa de Digitação de CPF		0	1066
20/03/2026	0. Etapa de Digitação de CPF		0	1041
21/03/2026	0. Etapa de Digitação de CPF		0	945
22/03/2026	0. Etapa de Digitação de CPF		0	866
23/03/2026	0. Etapa de Digitação de CPF		0	979
24/03/2026	0. Etapa de Digitação de CPF		0	1139
25/03/2026	0. Etapa de Digitação de CPF		0	964
26/03/2026	0. Etapa de Digitação de CPF		0	970
27/03/2026	0. Etapa de Digitação de CPF		0	1283
28/03/2026	0. Etapa de Digitação de CPF		0	1302
29/03/2026	0. Etapa de Digitação de CPF		0	1099
30/03/2026	0. Etapa de Digitação de CPF		0	1220
31/03/2026	0. Etapa de Digitação de CPF		0	1843
01/04/2026	0. Etapa de Digitação de CPF		0	1342
02/04/2026	0. Etapa de Digitação de CPF		0	1133
03/04/2026	0. Etapa de Digitação de CPF		0	1078
04/04/2026	0. Etapa de Digitação de CPF		0	1038
05/04/2026	0. Etapa de Digitação de CPF		0	652
06/04/2026	0. Etapa de Digitação de CPF		0	984
07/04/2026	0. Etapa de Digitação de CPF		0	1062
08/04/2026	0. Etapa de Digitação de CPF		0	1198
09/04/2026	0. Etapa de Digitação de CPF		0	1195
10/04/2026	0. Etapa de Digitação de CPF		0	1029
11/04/2026	0. Etapa de Digitação de CPF		0	935
12/04/2026	0. Etapa de Digitação de CPF		0	869
13/04/2026	0. Etapa de Digitação de CPF		0	1033
14/04/2026	0. Etapa de Digitação de CPF		0	1106
15/04/2026	0. Etapa de Digitação de CPF		0	997
16/04/2026	0. Etapa de Digitação de CPF		0	1005
17/04/2026	0. Etapa de Digitação de CPF		0	900
18/04/2026	0. Etapa de Digitação de CPF		0	871
19/04/2026	0. Etapa de Digitação de CPF		0	744
20/04/2026	0. Etapa de Digitação de CPF		0	1753
21/04/2026	0. Etapa de Digitação de CPF		0	1186
22/04/2026	0. Etapa de Digitação de CPF		0	1067
23/04/2026	0. Etapa de Digitação de CPF		0	1647
24/04/2026	0. Etapa de Digitação de CPF		0	1821
25/04/2026	0. Etapa de Digitação de CPF		0	1323
26/04/2026	0. Etapa de Digitação de CPF		0	986
27/04/2026	0. Etapa de Digitação de CPF		0	1143
28/04/2026	0. Etapa de Digitação de CPF		0	1113
29/04/2026	0. Etapa de Digitação de CPF		0	1105
30/04/2026	0. Etapa de Digitação de CPF		0	1011
01/05/2026	0. Etapa de Digitação de CPF		0	924
02/05/2026	0. Etapa de Digitação de CPF		0	945
03/05/2026	0. Etapa de Digitação de CPF		0	736
04/05/2026	0. Etapa de Digitação de CPF		0	893
05/05/2026	0. Etapa de Digitação de CPF		0	952
06/05/2026	0. Etapa de Digitação de CPF		0	928
07/05/2026	0. Etapa de Digitação de CPF		0	868
08/05/2026	0. Etapa de Digitação de CPF		0	898
09/05/2026	0. Etapa de Digitação de CPF		0	885
10/05/2026	0. Etapa de Digitação de CPF		0	630
11/05/2026	0. Etapa de Digitação de CPF		0	790
12/05/2026	0. Etapa de Digitação de CPF		0	1084
13/05/2026	0. Etapa de Digitação de CPF		0	983
14/05/2026	0. Etapa de Digitação de CPF		0	901
15/05/2026	0. Etapa de Digitação de CPF		0	841
16/05/2026	0. Etapa de Digitação de CPF		0	814
17/05/2026	0. Etapa de Digitação de CPF		0	753
18/05/2026	0. Etapa de Digitação de CPF		0	835
19/05/2026	0. Etapa de Digitação de CPF		0	863
20/05/2026	0. Etapa de Digitação de CPF		0	940
21/05/2026	0. Etapa de Digitação de CPF		0	966
22/05/2026	0. Etapa de Digitação de CPF		0	894
23/05/2026	0. Etapa de Digitação de CPF		0	748
23/05/2026	1. Etapa de início do onboarding		0	736
23/05/2026	1. Etapa de início do onboarding	APROVADO	NAO	429
23/05/2026	2. Etapa de geolocalizacao	APROVADO	NAO	1
23/05/2026	2. Etapa de geolocalizacao	APROVADO	SIM	16
23/05/2026	3. Etapa de fotos do documento	APROVADO	NAO	1
23/05/2026	3. Etapa de fotos do documento	APROVADO	SIM	19
23/05/2026	4. Etapa de biometria	APROVADO	NAO	1
23/05/2026	4. Etapa de biometria	APROVADO	SIM	19
23/05/2026	5. Etapa de endereço	APROVADO	NAO	1
23/05/2026	5. Etapa de endereço	APROVADO	SIM	19
23/05/2026	6. Etapa de personalização do cartão	APROVADO	NAO	1
23/05/2026	6. Etapa de personalização do cartão	APROVADO	SIM	19
23/05/2026	7. Etapa de assinatura do contrato	APROVADO	NAO	1
23/05/2026	7. Etapa de assinatura do contrato	APROVADO	SIM	19
23/05/2026	8. Etapa de Conclusão Total Cartao Afinz	APROVADO	NAO	1
23/05/2026	8. Etapa de Conclusão Total Cartao Afinz	APROVADO	SIM	19
24/05/2026	0. Etapa de Digitação de CPF		0	678
24/05/2026	1. Etapa de início do onboarding		0	730
24/05/2026	1. Etapa de início do onboarding	APROVADO	NAO	1.563
24/05/2026	2. Etapa de geolocalizacao	APROVADO	NAO	25
24/05/2026	2. Etapa de geolocalizacao	APROVADO	SIM	57
24/05/2026	3. Etapa de fotos do documento	APROVADO	NAO	14
24/05/2026	3. Etapa de fotos do documento	APROVADO	SIM	48
24/05/2026	4. Etapa de biometria	APROVADO	NAO	14
24/05/2026	4. Etapa de biometria	APROVADO	SIM	46
24/05/2026	5. Etapa de endereço	APROVADO	NAO	14
24/05/2026	5. Etapa de endereço	APROVADO	SIM	46
24/05/2026	6. Etapa de personalização do cartão	APROVADO	NAO	14
24/05/2026	6. Etapa de personalização do cartão	APROVADO	SIM	46
24/05/2026	7. Etapa de assinatura do contrato	APROVADO	NAO	13
24/05/2026	7. Etapa de assinatura do contrato	APROVADO	SIM	46
24/05/2026	7.1 Finalização (automática)	APROVADO	SIM	2
24/05/2026	8. Etapa de Conclusão Total Cartao Afinz	APROVADO	NAO	13
24/05/2026	8. Etapa de Conclusão Total Cartao Afinz	APROVADO	SIM	44
24/05/2026	Perda	APROVADO	NAO	4
25/05/2026	0. Etapa de Digitação de CPF		0	798
25/05/2026	1. Etapa de início do onboarding		0	991
25/05/2026	1. Etapa de início do onboarding	APROVADO	NAO	2.244
25/05/2026	2. Etapa de geolocalizacao	APROVADO	NAO	13
25/05/2026	2. Etapa de geolocalizacao	APROVADO	SIM	60
25/05/2026	3. Etapa de fotos do documento	APROVADO	NAO	10
25/05/2026	3. Etapa de fotos do documento	APROVADO	SIM	51
25/05/2026	4. Etapa de biometria	APROVADO	NAO	9
25/05/2026	4. Etapa de biometria	APROVADO	SIM	51
25/05/2026	5. Etapa de endereço	APROVADO	NAO	9
25/05/2026	5. Etapa de endereço	APROVADO	SIM	51
25/05/2026	6. Etapa de personalização do cartão	APROVADO	NAO	9
25/05/2026	6. Etapa de personalização do cartão	APROVADO	SIM	51
25/05/2026	7. Etapa de assinatura do contrato	APROVADO	NAO	9
25/05/2026	7. Etapa de assinatura do contrato	APROVADO	SIM	51
25/05/2026	7.1 Finalização (automática)	APROVADO	SIM	1
25/05/2026	8. Etapa de Conclusão Total Cartao Afinz	APROVADO	NAO	9
25/05/2026	8. Etapa de Conclusão Total Cartao Afinz	APROVADO	SIM	50
25/05/2026	Perda	APROVADO	NAO	4
26/05/2026	0. Etapa de Digitação de CPF		0	1.098
26/05/2026	1. Etapa de início do onboarding		0	994
26/05/2026	1. Etapa de início do onboarding	APROVADO	NAO	2.214
26/05/2026	2. Etapa de geolocalizacao	APROVADO	NAO	21
26/05/2026	2. Etapa de geolocalizacao	APROVADO	SIM	62
26/05/2026	3. Etapa de fotos do documento	APROVADO	NAO	18
26/05/2026	3. Etapa de fotos do documento	APROVADO	SIM	52
26/05/2026	4. Etapa de biometria	APROVADO	NAO	14
26/05/2026	4. Etapa de biometria	APROVADO	SIM	48
26/05/2026	5. Etapa de endereço	APROVADO	NAO	14
26/05/2026	5. Etapa de endereço	APROVADO	SIM	48
26/05/2026	6. Etapa de personalização do cartão	APROVADO	NAO	14
26/05/2026	6. Etapa de personalização do cartão	APROVADO	SIM	48
26/05/2026	7. Etapa de assinatura do contrato	APROVADO	NAO	12
26/05/2026	7. Etapa de assinatura do contrato	APROVADO	SIM	45
26/05/2026	7.1 Finalização (automática)	APROVADO	SIM	1
26/05/2026	8. Etapa de Conclusão Total Cartao Afinz	APROVADO	NAO	12
26/05/2026	8. Etapa de Conclusão Total Cartao Afinz	APROVADO	SIM	44
26/05/2026	Perda	APROVADO	NAO	6
27/05/2026	0. Etapa de Digitação de CPF		0	974
27/05/2026	1. Etapa de início do onboarding		0	923
27/05/2026	1. Etapa de início do onboarding	APROVADO	NAO	1.988
27/05/2026	2. Etapa de geolocalizacao	APROVADO	NAO	41
27/05/2026	2. Etapa de geolocalizacao	APROVADO	SIM	51
27/05/2026	3. Etapa de fotos do documento	APROVADO	NAO	26
27/05/2026	3. Etapa de fotos do documento	APROVADO	SIM	51
27/05/2026	4. Etapa de biometria	APROVADO	NAO	25
27/05/2026	4. Etapa de biometria	APROVADO	SIM	49
27/05/2026	5. Etapa de endereço	APROVADO	NAO	25
27/05/2026	5. Etapa de endereço	APROVADO	SIM	49
27/05/2026	6. Etapa de personalização do cartão	APROVADO	NAO	25
27/05/2026	6. Etapa de personalização do cartão	APROVADO	SIM	49
27/05/2026	7. Etapa de assinatura do contrato	APROVADO	NAO	22
27/05/2026	7. Etapa de assinatura do contrato	APROVADO	SIM	46
27/05/2026	7.1 Finalização (automática)	APROVADO	SIM	1
27/05/2026	8. Etapa de Conclusão Total Cartao Afinz	APROVADO	NAO	22
27/05/2026	8. Etapa de Conclusão Total Cartao Afinz	APROVADO	SIM	45
27/05/2026	Perda	APROVADO	NAO	13
28/05/2026	0. Etapa de Digitação de CPF		0	935
28/05/2026	1. Etapa de início do onboarding		0	879
28/05/2026	1. Etapa de início do onboarding	APROVADO	NAO	1.492
28/05/2026	2. Etapa de geolocalizacao	APROVADO	NAO	11
28/05/2026	2. Etapa de geolocalizacao	APROVADO	SIM	82
28/05/2026	3. Etapa de fotos do documento	APROVADO	NAO	14
28/05/2026	3. Etapa de fotos do documento	APROVADO	SIM	53
28/05/2026	4. Etapa de biometria	APROVADO	NAO	13
28/05/2026	4. Etapa de biometria	APROVADO	SIM	51
28/05/2026	5. Etapa de endereço	APROVADO	NAO	13
28/05/2026	5. Etapa de endereço	APROVADO	SIM	51
28/05/2026	6. Etapa de personalização do cartão	APROVADO	NAO	13
28/05/2026	6. Etapa de personalização do cartão	APROVADO	SIM	51
28/05/2026	7. Etapa de assinatura do contrato	APROVADO	NAO	12
28/05/2026	7. Etapa de assinatura do contrato	APROVADO	SIM	49
28/05/2026	7.1 Finalização (automática)	APROVADO	SIM	3
28/05/2026	8. Etapa de Conclusão Total Cartao Afinz	APROVADO	NAO	12
28/05/2026	8. Etapa de Conclusão Total Cartao Afinz	APROVADO	SIM	46
28/05/2026	Perda	APROVADO	NAO	4
29/05/2026	0. Etapa de Digitação de CPF		0	815
29/05/2026	1. Etapa de início do onboarding		0	816
29/05/2026	1. Etapa de início do onboarding	APROVADO	NAO	1.797
29/05/2026	2. Etapa de geolocalizacao	APROVADO	NAO	23
29/05/2026	2. Etapa de geolocalizacao	APROVADO	SIM	91
29/05/2026	3. Etapa de fotos do documento	APROVADO	NAO	22
29/05/2026	3. Etapa de fotos do documento	APROVADO	SIM	72
29/05/2026	4. Etapa de biometria	APROVADO	NAO	20
29/05/2026	4. Etapa de biometria	APROVADO	SIM	71
29/05/2026	5. Etapa de endereço	APROVADO	NAO	20
29/05/2026	5. Etapa de endereço	APROVADO	SIM	71
29/05/2026	6. Etapa de personalização do cartão	APROVADO	NAO	20
29/05/2026	6. Etapa de personalização do cartão	APROVADO	SIM	71
29/05/2026	7. Etapa de assinatura do contrato	APROVADO	NAO	18
29/05/2026	7. Etapa de assinatura do contrato	APROVADO	SIM	73
29/05/2026	8. Etapa de Conclusão Total Cartao Afinz	APROVADO	NAO	18
29/05/2026	8. Etapa de Conclusão Total Cartao Afinz	APROVADO	SIM	72
29/05/2026	Perda	APROVADO	NAO	5
30/05/2026	0. Etapa de Digitação de CPF		0	738
30/05/2026	1. Etapa de início do onboarding		0	690
30/05/2026	1. Etapa de início do onboarding	APROVADO	NAO	1.508
30/05/2026	2. Etapa de geolocalizacao	APROVADO	NAO	8
30/05/2026	2. Etapa de geolocalizacao	APROVADO	SIM	70
30/05/2026	3. Etapa de fotos do documento	APROVADO	NAO	7
30/05/2026	3. Etapa de fotos do documento	APROVADO	SIM	57
30/05/2026	4. Etapa de biometria	APROVADO	NAO	6
30/05/2026	4. Etapa de biometria	APROVADO	SIM	56
30/05/2026	5. Etapa de endereço	APROVADO	NAO	6
30/05/2026	5. Etapa de endereço	APROVADO	SIM	55
30/05/2026	6. Etapa de personalização do cartão	APROVADO	NAO	6
30/05/2026	6. Etapa de personalização do cartão	APROVADO	SIM	55
30/05/2026	7. Etapa de assinatura do contrato	APROVADO	NAO	7
30/05/2026	7. Etapa de assinatura do contrato	APROVADO	SIM	52
30/05/2026	7.1 Finalização (automática)	APROVADO	SIM	2
30/05/2026	8. Etapa de Conclusão Total Cartao Afinz	APROVADO	NAO	7
30/05/2026	8. Etapa de Conclusão Total Cartao Afinz	APROVADO	SIM	50
30/05/2026	Perda	APROVADO	NAO	2
31/05/2026	0. Etapa de Digitação de CPF		0	619
31/05/2026	1. Etapa de início do onboarding		0	545
31/05/2026	1. Etapa de início do onboarding	APROVADO	NAO	1.229
31/05/2026	2. Etapa de geolocalizacao	APROVADO	NAO	7
31/05/2026	2. Etapa de geolocalizacao	APROVADO	SIM	68
31/05/2026	3. Etapa de fotos do documento	APROVADO	NAO	7
31/05/2026	3. Etapa de fotos do documento	APROVADO	SIM	61
31/05/2026	4. Etapa de biometria	APROVADO	NAO	5
31/05/2026	4. Etapa de biometria	APROVADO	SIM	60
31/05/2026	5. Etapa de endereço	APROVADO	NAO	5
31/05/2026	5. Etapa de endereço	APROVADO	SIM	60
31/05/2026	6. Etapa de personalização do cartão	APROVADO	NAO	5
31/05/2026	6. Etapa de personalização do cartão	APROVADO	SIM	60
31/05/2026	7. Etapa de assinatura do contrato	APROVADO	NAO	2
31/05/2026	7. Etapa de assinatura do contrato	APROVADO	SIM	59
31/05/2026	7.1 Finalização (automática)	APROVADO	SIM	4
31/05/2026	8. Etapa de Conclusão Total Cartao Afinz	APROVADO	NAO	2
31/05/2026	8. Etapa de Conclusão Total Cartao Afinz	APROVADO	SIM	55
01/06/2026	0. Etapa de Digitação de CPF		0	1.248
01/06/2026	1. Etapa de início do onboarding		0	1.125
01/06/2026	1. Etapa de início do onboarding	APROVADO	NAO	1.825
01/06/2026	2. Etapa de geolocalizacao	APROVADO	NAO	312
01/06/2026	2. Etapa de geolocalizacao	APROVADO	SIM	71
01/06/2026	3. Etapa de fotos do documento	APROVADO	NAO	251
01/06/2026	3. Etapa de fotos do documento	APROVADO	SIM	69
01/06/2026	4. Etapa de biometria	APROVADO	NAO	239
01/06/2026	4. Etapa de biometria	APROVADO	SIM	65
01/06/2026	5. Etapa de endereço	APROVADO	NAO	238
01/06/2026	5. Etapa de endereço	APROVADO	SIM	65
01/06/2026	6. Etapa de personalização do cartão	APROVADO	NAO	238
01/06/2026	6. Etapa de personalização do cartão	APROVADO	SIM	65
01/06/2026	7. Etapa de assinatura do contrato	APROVADO	NAO	220
01/06/2026	7. Etapa de assinatura do contrato	APROVADO	SIM	61
01/06/2026	7.1 Finalização (automática)	APROVADO	NAO	1
01/06/2026	7.1 Finalização (automática)	APROVADO	SIM	1
01/06/2026	8. Etapa de Conclusão Total Cartao Afinz	APROVADO	NAO	218
01/06/2026	8. Etapa de Conclusão Total Cartao Afinz	APROVADO	SIM	60
01/06/2026	Perda	APROVADO	NAO	29
02/06/2026	0. Etapa de Digitação de CPF		0	1.458
02/06/2026	1. Etapa de início do onboarding		0	924
02/06/2026	1. Etapa de início do onboarding	APROVADO	NAO	1.975
02/06/2026	2. Etapa de geolocalizacao	APROVADO	NAO	50
02/06/2026	2. Etapa de geolocalizacao	APROVADO	SIM	542
02/06/2026	3. Etapa de fotos do documento	APROVADO	NAO	52
02/06/2026	3. Etapa de fotos do documento	APROVADO	SIM	441
02/06/2026	4. Etapa de biometria	APROVADO	NAO	51
02/06/2026	4. Etapa de biometria	APROVADO	SIM	435
02/06/2026	5. Etapa de endereço	APROVADO	NAO	51
02/06/2026	5. Etapa de endereço	APROVADO	SIM	428
02/06/2026	6. Etapa de personalização do cartão	APROVADO	NAO	51
02/06/2026	6. Etapa de personalização do cartão	APROVADO	SIM	428
02/06/2026	7. Etapa de assinatura do contrato	APROVADO	NAO	48
02/06/2026	7. Etapa de assinatura do contrato	APROVADO	SIM	417
02/06/2026	7.1 Finalização (automática)	APROVADO	SIM	3
02/06/2026	8. Etapa de Conclusão Total Cartao Afinz	APROVADO	NAO	48
02/06/2026	8. Etapa de Conclusão Total Cartao Afinz	APROVADO	SIM	413
02/06/2026	Perda	APROVADO	NAO	4
03/06/2026	0. Etapa de Digitação de CPF		0	982
03/06/2026	1. Etapa de início do onboarding		0	995
03/06/2026	1. Etapa de início do onboarding	APROVADO	NAO	2.197
03/06/2026	2. Etapa de geolocalizacao	APROVADO	NAO	21
03/06/2026	2. Etapa de geolocalizacao	APROVADO	SIM	155
03/06/2026	3. Etapa de fotos do documento	APROVADO	NAO	17
03/06/2026	3. Etapa de fotos do documento	APROVADO	SIM	147
03/06/2026	4. Etapa de biometria	APROVADO	NAO	16
03/06/2026	4. Etapa de biometria	APROVADO	SIM	142
03/06/2026	5. Etapa de endereço	APROVADO	NAO	16
03/06/2026	5. Etapa de endereço	APROVADO	SIM	143
03/06/2026	6. Etapa de personalização do cartão	APROVADO	NAO	16
03/06/2026	6. Etapa de personalização do cartão	APROVADO	SIM	143
03/06/2026	7. Etapa de assinatura do contrato	APROVADO	NAO	16
03/06/2026	7. Etapa de assinatura do contrato	APROVADO	SIM	136
03/06/2026	7.1 Finalização (automática)	APROVADO	SIM	3
03/06/2026	8. Etapa de Conclusão Total Cartao Afinz	APROVADO	NAO	16
03/06/2026	8. Etapa de Conclusão Total Cartao Afinz	APROVADO	SIM	132
03/06/2026	Perda	APROVADO	NAO	6
03/06/2026	Perda	APROVADO	SIM	1
04/06/2026	0. Etapa de Digitação de CPF		0	847
04/06/2026	1. Etapa de início do onboarding		0	841
04/06/2026	1. Etapa de início do onboarding	APROVADO	NAO	1.832
04/06/2026	2. Etapa de geolocalizacao	APROVADO	NAO	20
04/06/2026	2. Etapa de geolocalizacao	APROVADO	SIM	93
04/06/2026	3. Etapa de fotos do documento	APROVADO	NAO	22
04/06/2026	3. Etapa de fotos do documento	APROVADO	SIM	88
04/06/2026	4. Etapa de biometria	APROVADO	NAO	23
04/06/2026	4. Etapa de biometria	APROVADO	SIM	87
04/06/2026	5. Etapa de endereço	APROVADO	NAO	23
04/06/2026	5. Etapa de endereço	APROVADO	SIM	87
04/06/2026	6. Etapa de personalização do cartão	APROVADO	NAO	23
04/06/2026	6. Etapa de personalização do cartão	APROVADO	SIM	86
04/06/2026	7. Etapa de assinatura do contrato	APROVADO	NAO	23
04/06/2026	7. Etapa de assinatura do contrato	APROVADO	SIM	83
04/06/2026	7.1 Finalização (automática)	APROVADO	NAO	2
04/06/2026	7.1 Finalização (automática)	APROVADO	SIM	13
04/06/2026	8. Etapa de Conclusão Total Cartao Afinz	APROVADO	NAO	21
04/06/2026	8. Etapa de Conclusão Total Cartao Afinz	APROVADO	SIM	71
04/06/2026	Perda	APROVADO	NAO	4
05/06/2026	0. Etapa de Digitação de CPF		0	975
05/06/2026	1. Etapa de início do onboarding		0	975
05/06/2026	1. Etapa de início do onboarding	APROVADO	NAO	2.228
05/06/2026	2. Etapa de geolocalizacao	APROVADO	NAO	6
05/06/2026	2. Etapa de geolocalizacao	APROVADO	SIM	116
05/06/2026	3. Etapa de fotos do documento	APROVADO	NAO	5
05/06/2026	3. Etapa de fotos do documento	APROVADO	SIM	109
05/06/2026	4. Etapa de biometria	APROVADO	NAO	6
05/06/2026	4. Etapa de biometria	APROVADO	SIM	108
05/06/2026	5. Etapa de endereço	APROVADO	NAO	6
05/06/2026	5. Etapa de endereço	APROVADO	SIM	108
05/06/2026	6. Etapa de personalização do cartão	APROVADO	NAO	6
05/06/2026	6. Etapa de personalização do cartão	APROVADO	SIM	108
05/06/2026	7. Etapa de assinatura do contrato	APROVADO	NAO	6
05/06/2026	7. Etapa de assinatura do contrato	APROVADO	SIM	102
05/06/2026	7.1 Finalização (automática)	APROVADO	SIM	2
05/06/2026	8. Etapa de Conclusão Total Cartao Afinz	APROVADO	NAO	6
05/06/2026	8. Etapa de Conclusão Total Cartao Afinz	APROVADO	SIM	100
05/06/2026	Perda	APROVADO	NAO	4
06/06/2026	0. Etapa de Digitação de CPF		0	810
06/06/2026	1. Etapa de início do onboarding		0	833
06/06/2026	1. Etapa de início do onboarding	APROVADO	NAO	1.846
06/06/2026	2. Etapa de geolocalizacao	APROVADO	NAO	11
06/06/2026	2. Etapa de geolocalizacao	APROVADO	SIM	65
06/06/2026	3. Etapa de fotos do documento	APROVADO	NAO	14
06/06/2026	3. Etapa de fotos do documento	APROVADO	SIM	55
06/06/2026	4. Etapa de biometria	APROVADO	NAO	13
06/06/2026	4. Etapa de biometria	APROVADO	SIM	54
06/06/2026	5. Etapa de endereço	APROVADO	NAO	14
06/06/2026	5. Etapa de endereço	APROVADO	SIM	54
06/06/2026	6. Etapa de personalização do cartão	APROVADO	NAO	14
06/06/2026	6. Etapa de personalização do cartão	APROVADO	SIM	54
06/06/2026	7. Etapa de assinatura do contrato	APROVADO	NAO	12
06/06/2026	7. Etapa de assinatura do contrato	APROVADO	SIM	53
06/06/2026	7.1 Finalização (automática)	APROVADO	SIM	9
06/06/2026	8. Etapa de Conclusão Total Cartao Afinz	APROVADO	NAO	12
06/06/2026	8. Etapa de Conclusão Total Cartao Afinz	APROVADO	SIM	44
06/06/2026	Perda	APROVADO	NAO	1
07/06/2026	0. Etapa de Digitação de CPF		0	605
07/06/2026	1. Etapa de início do onboarding		0	648
07/06/2026	1. Etapa de início do onboarding	APROVADO	NAO	1.433
07/06/2026	2. Etapa de geolocalizacao	APROVADO	NAO	3
07/06/2026	2. Etapa de geolocalizacao	APROVADO	SIM	82
07/06/2026	3. Etapa de fotos do documento	APROVADO	NAO	9
07/06/2026	3. Etapa de fotos do documento	APROVADO	SIM	76
07/06/2026	4. Etapa de biometria	APROVADO	NAO	7
07/06/2026	4. Etapa de biometria	APROVADO	SIM	73
07/06/2026	5. Etapa de endereço	APROVADO	NAO	7
07/06/2026	5. Etapa de endereço	APROVADO	SIM	73
07/06/2026	6. Etapa de personalização do cartão	APROVADO	NAO	7
07/06/2026	6. Etapa de personalização do cartão	APROVADO	SIM	73
07/06/2026	7. Etapa de assinatura do contrato	APROVADO	NAO	7
07/06/2026	7. Etapa de assinatura do contrato	APROVADO	SIM	70
07/06/2026	8. Etapa de Conclusão Total Cartao Afinz	APROVADO	NAO	7
07/06/2026	8. Etapa de Conclusão Total Cartao Afinz	APROVADO	SIM	70
07/06/2026	Perda	APROVADO	NAO	2
08/06/2026	0. Etapa de Digitação de CPF		0	1.311
08/06/2026	1. Etapa de início do onboarding		0	1.230
08/06/2026	1. Etapa de início do onboarding	APROVADO	NAO	2.154
08/06/2026	2. Etapa de geolocalizacao	APROVADO	NAO	258
08/06/2026	2. Etapa de geolocalizacao	APROVADO	SIM	103
08/06/2026	3. Etapa de fotos do documento	APROVADO	NAO	200
08/06/2026	3. Etapa de fotos do documento	APROVADO	SIM	89
08/06/2026	4. Etapa de biometria	APROVADO	NAO	191
08/06/2026	4. Etapa de biometria	APROVADO	SIM	87
08/06/2026	5. Etapa de endereço	APROVADO	NAO	191
08/06/2026	5. Etapa de endereço	APROVADO	SIM	88
08/06/2026	6. Etapa de personalização do cartão	APROVADO	NAO	191
08/06/2026	6. Etapa de personalização do cartão	APROVADO	SIM	87
08/06/2026	7. Etapa de assinatura do contrato	APROVADO	NAO	176
08/06/2026	7. Etapa de assinatura do contrato	APROVADO	SIM	83
08/06/2026	8. Etapa de Conclusão Total Cartao Afinz	APROVADO	NAO	176
08/06/2026	8. Etapa de Conclusão Total Cartao Afinz	APROVADO	SIM	83
08/06/2026	Perda	APROVADO	NAO	26
09/06/2026	0. Etapa de Digitação de CPF		0	1.152
09/06/2026	1. Etapa de início do onboarding		0	1.096
09/06/2026	1. Etapa de início do onboarding	APROVADO	NAO	2.352
09/06/2026	2. Etapa de geolocalizacao	APROVADO	NAO	53
09/06/2026	2. Etapa de geolocalizacao	APROVADO	SIM	115
09/06/2026	3. Etapa de fotos do documento	APROVADO	NAO	52
09/06/2026	3. Etapa de fotos do documento	APROVADO	SIM	103
09/06/2026	4. Etapa de biometria	APROVADO	NAO	49
09/06/2026	4. Etapa de biometria	APROVADO	SIM	102
09/06/2026	5. Etapa de endereço	APROVADO	NAO	48
09/06/2026	5. Etapa de endereço	APROVADO	SIM	102
09/06/2026	6. Etapa de personalização do cartão	APROVADO	NAO	48
09/06/2026	6. Etapa de personalização do cartão	APROVADO	SIM	100
09/06/2026	7. Etapa de assinatura do contrato	APROVADO	NAO	42
09/06/2026	7. Etapa de assinatura do contrato	APROVADO	SIM	96
09/06/2026	7.1 Finalização (automática)	APROVADO	SIM	1
09/06/2026	8. Etapa de Conclusão Total Cartao Afinz	APROVADO	NAO	42
09/06/2026	8. Etapa de Conclusão Total Cartao Afinz	APROVADO	SIM	95
09/06/2026	Perda	APROVADO	NAO	12
10/06/2026	0. Etapa de Digitação de CPF		0	1.155
10/06/2026	1. Etapa de início do onboarding		0	962
10/06/2026	1. Etapa de início do onboarding	APROVADO	NAO	2.144
10/06/2026	2. Etapa de geolocalizacao	APROVADO	NAO	21
10/06/2026	2. Etapa de geolocalizacao	APROVADO	SIM	199
10/06/2026	3. Etapa de fotos do documento	APROVADO	NAO	26
10/06/2026	3. Etapa de fotos do documento	APROVADO	SIM	171
10/06/2026	4. Etapa de biometria	APROVADO	NAO	24
10/06/2026	4. Etapa de biometria	APROVADO	SIM	167
10/06/2026	5. Etapa de endereço	APROVADO	NAO	24
10/06/2026	5. Etapa de endereço	APROVADO	SIM	166
10/06/2026	6. Etapa de personalização do cartão	APROVADO	NAO	24
10/06/2026	6. Etapa de personalização do cartão	APROVADO	SIM	164
10/06/2026	7. Etapa de assinatura do contrato	APROVADO	NAO	24
10/06/2026	7. Etapa de assinatura do contrato	APROVADO	SIM	154
10/06/2026	7.1 Finalização (automática)	APROVADO	SIM	1
10/06/2026	8. Etapa de Conclusão Total Cartao Afinz	APROVADO	NAO	23
10/06/2026	8. Etapa de Conclusão Total Cartao Afinz	APROVADO	SIM	152
10/06/2026	Perda	APROVADO	NAO	4
11/06/2026	0. Etapa de Digitação de CPF		0	934
11/06/2026	1. Etapa de início do onboarding		0	913
11/06/2026	1. Etapa de início do onboarding	APROVADO	NAO	2.068
11/06/2026	2. Etapa de geolocalizacao	APROVADO	NAO	38
11/06/2026	2. Etapa de geolocalizacao	APROVADO	SIM	82
11/06/2026	3. Etapa de fotos do documento	APROVADO	NAO	42
11/06/2026	3. Etapa de fotos do documento	APROVADO	SIM	82
11/06/2026	4. Etapa de biometria	APROVADO	NAO	40
11/06/2026	4. Etapa de biometria	APROVADO	SIM	77
11/06/2026	5. Etapa de endereço	APROVADO	NAO	40
11/06/2026	5. Etapa de endereço	APROVADO	SIM	78
11/06/2026	6. Etapa de personalização do cartão	APROVADO	NAO	40
11/06/2026	6. Etapa de personalização do cartão	APROVADO	SIM	79
11/06/2026	7. Etapa de assinatura do contrato	APROVADO	NAO	36
11/06/2026	7. Etapa de assinatura do contrato	APROVADO	SIM	75
11/06/2026	8. Etapa de Conclusão Total Cartao Afinz	APROVADO	NAO	36
11/06/2026	8. Etapa de Conclusão Total Cartao Afinz	APROVADO	SIM	75
11/06/2026	Perda	APROVADO	NAO	5
12/06/2026	0. Etapa de Digitação de CPF		0	1.166
12/06/2026	1. Etapa de início do onboarding	APROVADO	NAO	1.658
12/06/2026	2. Etapa de geolocalizacao	APROVADO	NAO	22
12/06/2026	2. Etapa de geolocalizacao	APROVADO	SIM	117
12/06/2026	3. Etapa de fotos do documento	APROVADO	NAO	23
12/06/2026	3. Etapa de fotos do documento	APROVADO	SIM	94
12/06/2026	4. Etapa de biometria	APROVADO	NAO	24
12/06/2026	4. Etapa de biometria	APROVADO	SIM	92
12/06/2026	5. Etapa de endereço	APROVADO	NAO	24
12/06/2026	5. Etapa de endereço	APROVADO	SIM	92
12/06/2026	6. Etapa de personalização do cartão	APROVADO	NAO	24
12/06/2026	6. Etapa de personalização do cartão	APROVADO	SIM	90
12/06/2026	7. Etapa de assinatura do contrato	APROVADO	NAO	21
12/06/2026	7. Etapa de assinatura do contrato	APROVADO	SIM	89
12/06/2026	8. Etapa de Conclusão Total Cartao Afinz	APROVADO	NAO	21
12/06/2026	8. Etapa de Conclusão Total Cartao Afinz	APROVADO	SIM	89
12/06/2026	Perda	APROVADO	NAO	7
13/06/2026	0. Etapa de Digitação de CPF		0	1.067
13/06/2026	1. Etapa de início do onboarding		0	584
13/06/2026	1. Etapa de início do onboarding	APROVADO	NAO	1.283
13/06/2026	2. Etapa de geolocalizacao	APROVADO	NAO	18
13/06/2026	2. Etapa de geolocalizacao	APROVADO	SIM	90
13/06/2026	3. Etapa de fotos do documento	APROVADO	NAO	21
13/06/2026	3. Etapa de fotos do documento	APROVADO	SIM	82
13/06/2026	4. Etapa de biometria	APROVADO	NAO	21
13/06/2026	4. Etapa de biometria	APROVADO	SIM	79
13/06/2026	5. Etapa de endereço	APROVADO	NAO	21
13/06/2026	5. Etapa de endereço	APROVADO	SIM	79
13/06/2026	6. Etapa de personalização do cartão	APROVADO	NAO	21
13/06/2026	6. Etapa de personalização do cartão	APROVADO	SIM	81
13/06/2026	7. Etapa de assinatura do contrato	APROVADO	NAO	20
13/06/2026	7. Etapa de assinatura do contrato	APROVADO	SIM	78
13/06/2026	7.1 Finalização (automática)	APROVADO	SIM	1
13/06/2026	8. Etapa de Conclusão Total Cartao Afinz	APROVADO	NAO	20
13/06/2026	8. Etapa de Conclusão Total Cartao Afinz	APROVADO	SIM	77
13/06/2026	Perda	APROVADO	NAO	4
14/06/2026	0. Etapa de Digitação de CPF		0	1.091
14/06/2026	1. Etapa de início do onboarding		0	699
14/06/2026	1. Etapa de início do onboarding	APROVADO	NAO	1.519
14/06/2026	2. Etapa de geolocalizacao	APROVADO	NAO	35
14/06/2026	2. Etapa de geolocalizacao	APROVADO	SIM	86
14/06/2026	3. Etapa de fotos do documento	APROVADO	NAO	29
14/06/2026	3. Etapa de fotos do documento	APROVADO	SIM	81
14/06/2026	4. Etapa de biometria	APROVADO	NAO	28
14/06/2026	4. Etapa de biometria	APROVADO	SIM	80
14/06/2026	5. Etapa de endereço	APROVADO	NAO	28
14/06/2026	5. Etapa de endereço	APROVADO	SIM	80
14/06/2026	6. Etapa de personalização do cartão	APROVADO	NAO	28
14/06/2026	6. Etapa de personalização do cartão	APROVADO	SIM	79
14/06/2026	7. Etapa de assinatura do contrato	APROVADO	NAO	28
14/06/2026	7. Etapa de assinatura do contrato	APROVADO	SIM	78
14/06/2026	8. Etapa de Conclusão Total Cartao Afinz	APROVADO	NAO	28
14/06/2026	8. Etapa de Conclusão Total Cartao Afinz	APROVADO	SIM	77
14/06/2026	Perda	APROVADO	NAO	3
15/06/2026	0. Etapa de Digitação de CPF		0	1.230
15/06/2026	1. Etapa de início do onboarding		0	933
15/06/2026	1. Etapa de início do onboarding	APROVADO	NAO	2.106
15/06/2026	2. Etapa de geolocalizacao	APROVADO	NAO	28
15/06/2026	2. Etapa de geolocalizacao	APROVADO	SIM	96
15/06/2026	3. Etapa de fotos do documento	APROVADO	NAO	23
15/06/2026	3. Etapa de fotos do documento	APROVADO	SIM	84
15/06/2026	4. Etapa de biometria	APROVADO	NAO	23
15/06/2026	4. Etapa de biometria	APROVADO	SIM	82
15/06/2026	5. Etapa de endereço	APROVADO	NAO	23
15/06/2026	5. Etapa de endereço	APROVADO	SIM	82
15/06/2026	6. Etapa de personalização do cartão	APROVADO	NAO	23
15/06/2026	6. Etapa de personalização do cartão	APROVADO	SIM	82
15/06/2026	7. Etapa de assinatura do contrato	APROVADO	NAO	22
15/06/2026	7. Etapa de assinatura do contrato	APROVADO	SIM	77
15/06/2026	8. Etapa de Conclusão Total Cartao Afinz	APROVADO	NAO	22
15/06/2026	8. Etapa de Conclusão Total Cartao Afinz	APROVADO	SIM	77
15/06/2026	Perda	APROVADO	NAO	5
16/06/2026	0. Etapa de Digitação de CPF		0	1.106
16/06/2026	1. Etapa de início do onboarding		0	875
16/06/2026	1. Etapa de início do onboarding	APROVADO	NAO	1.981
16/06/2026	2. Etapa de geolocalizacao	APROVADO	NAO	12
16/06/2026	2. Etapa de geolocalizacao	APROVADO	SIM	54
16/06/2026	3. Etapa de fotos do documento	APROVADO	NAO	14
16/06/2026	3. Etapa de fotos do documento	APROVADO	SIM	49
16/06/2026	4. Etapa de biometria	APROVADO	NAO	14
16/06/2026	4. Etapa de biometria	APROVADO	SIM	47
16/06/2026	5. Etapa de endereço	APROVADO	NAO	14
16/06/2026	5. Etapa de endereço	APROVADO	SIM	47
16/06/2026	6. Etapa de personalização do cartão	APROVADO	NAO	12
16/06/2026	6. Etapa de personalização do cartão	APROVADO	SIM	46
16/06/2026	7. Etapa de assinatura do contrato	APROVADO	NAO	11
16/06/2026	7. Etapa de assinatura do contrato	APROVADO	SIM	45
16/06/2026	8. Etapa de Conclusão Total Cartao Afinz	APROVADO	NAO	11
16/06/2026	8. Etapa de Conclusão Total Cartao Afinz	APROVADO	SIM	45
16/06/2026	Perda	APROVADO	NAO	5
17/06/2026	0. Etapa de Digitação de CPF		0	1.167
17/06/2026	1. Etapa de início do onboarding		0	983
17/06/2026	1. Etapa de início do onboarding	APROVADO	NAO	2.051
17/06/2026	2. Etapa de geolocalizacao	APROVADO	NAO	82
17/06/2026	2. Etapa de geolocalizacao	APROVADO	SIM	74
17/06/2026	3. Etapa de fotos do documento	APROVADO	NAO	64
17/06/2026	3. Etapa de fotos do documento	APROVADO	SIM	63
17/06/2026	4. Etapa de biometria	APROVADO	NAO	61
17/06/2026	4. Etapa de biometria	APROVADO	SIM	62
17/06/2026	5. Etapa de endereço	APROVADO	NAO	61
17/06/2026	5. Etapa de endereço	APROVADO	SIM	62
17/06/2026	6. Etapa de personalização do cartão	APROVADO	NAO	61
17/06/2026	6. Etapa de personalização do cartão	APROVADO	SIM	62
17/06/2026	7. Etapa de assinatura do contrato	APROVADO	NAO	58
17/06/2026	7. Etapa de assinatura do contrato	APROVADO	SIM	61
17/06/2026	8. Etapa de Conclusão Total Cartao Afinz	APROVADO	NAO	58
17/06/2026	8. Etapa de Conclusão Total Cartao Afinz	APROVADO	SIM	61
17/06/2026	Perda	APROVADO	NAO	13
18/06/2026	0. Etapa de Digitação de CPF		0	987
18/06/2026	1. Etapa de início do onboarding		0	888
18/06/2026	1. Etapa de início do onboarding	APROVADO	NAO	1.937
18/06/2026	2. Etapa de geolocalizacao	APROVADO	NAO	36
18/06/2026	2. Etapa de geolocalizacao	APROVADO	SIM	101
18/06/2026	3. Etapa de fotos do documento	APROVADO	NAO	40
18/06/2026	3. Etapa de fotos do documento	APROVADO	SIM	91
18/06/2026	4. Etapa de biometria	APROVADO	NAO	36
18/06/2026	4. Etapa de biometria	APROVADO	SIM	85
18/06/2026	5. Etapa de endereço	APROVADO	NAO	36
18/06/2026	5. Etapa de endereço	APROVADO	SIM	84
18/06/2026	6. Etapa de personalização do cartão	APROVADO	NAO	36
18/06/2026	6. Etapa de personalização do cartão	APROVADO	SIM	82
18/06/2026	7. Etapa de assinatura do contrato	APROVADO	NAO	33
18/06/2026	7. Etapa de assinatura do contrato	APROVADO	SIM	82
18/06/2026	7.1 Finalização (automática)	APROVADO	NAO	1
18/06/2026	7.1 Finalização (automática)	APROVADO	SIM	1
18/06/2026	8. Etapa de Conclusão Total Cartao Afinz	APROVADO	NAO	33
18/06/2026	8. Etapa de Conclusão Total Cartao Afinz	APROVADO	SIM	81
18/06/2026	Perda	APROVADO	NAO	6
19/06/2026	0. Etapa de Digitação de CPF		0	814
19/06/2026	1. Etapa de início do onboarding		0	669
19/06/2026	1. Etapa de início do onboarding	APROVADO	NAO	1.533
19/06/2026	2. Etapa de geolocalizacao	APROVADO	NAO	13
19/06/2026	2. Etapa de geolocalizacao	APROVADO	SIM	61
19/06/2026	3. Etapa de fotos do documento	APROVADO	NAO	15
19/06/2026	3. Etapa de fotos do documento	APROVADO	SIM	49
19/06/2026	4. Etapa de biometria	APROVADO	NAO	13
19/06/2026	4. Etapa de biometria	APROVADO	SIM	47
19/06/2026	5. Etapa de endereço	APROVADO	NAO	13
19/06/2026	5. Etapa de endereço	APROVADO	SIM	47
19/06/2026	6. Etapa de personalização do cartão	APROVADO	NAO	13
19/06/2026	6. Etapa de personalização do cartão	APROVADO	SIM	49
19/06/2026	7. Etapa de assinatura do contrato	APROVADO	NAO	12
19/06/2026	7. Etapa de assinatura do contrato	APROVADO	SIM	49
19/06/2026	8. Etapa de Conclusão Total Cartao Afinz	APROVADO	NAO	12
19/06/2026	8. Etapa de Conclusão Total Cartao Afinz	APROVADO	SIM	49
19/06/2026	Perda	APROVADO	NAO	1
20/06/2026	0. Etapa de Digitação de CPF		0	774
20/06/2026	1. Etapa de início do onboarding		0	648
20/06/2026	1. Etapa de início do onboarding	APROVADO	NAO	1.511
20/06/2026	2. Etapa de geolocalizacao	APROVADO	NAO	6
20/06/2026	2. Etapa de geolocalizacao	APROVADO	SIM	56
20/06/2026	3. Etapa de fotos do documento	APROVADO	NAO	4
20/06/2026	3. Etapa de fotos do documento	APROVADO	SIM	52
20/06/2026	4. Etapa de biometria	APROVADO	NAO	4
20/06/2026	4. Etapa de biometria	APROVADO	SIM	50
20/06/2026	5. Etapa de endereço	APROVADO	NAO	4
20/06/2026	5. Etapa de endereço	APROVADO	SIM	50
20/06/2026	6. Etapa de personalização do cartão	APROVADO	NAO	4
20/06/2026	6. Etapa de personalização do cartão	APROVADO	SIM	50
20/06/2026	7. Etapa de assinatura do contrato	APROVADO	NAO	4
20/06/2026	7. Etapa de assinatura do contrato	APROVADO	SIM	48
20/06/2026	7.1 Finalização (automática)	APROVADO	SIM	1
20/06/2026	8. Etapa de Conclusão Total Cartao Afinz	APROVADO	NAO	4
20/06/2026	8. Etapa de Conclusão Total Cartao Afinz	APROVADO	SIM	47
20/06/2026	Perda	APROVADO	NAO	1
21/06/2026	0. Etapa de Digitação de CPF		0	762
21/06/2026	1. Etapa de início do onboarding		0	641
21/06/2026	1. Etapa de início do onboarding	APROVADO	NAO	1.466
21/06/2026	2. Etapa de geolocalizacao	APROVADO	NAO	15
21/06/2026	2. Etapa de geolocalizacao	APROVADO	SIM	63
21/06/2026	3. Etapa de fotos do documento	APROVADO	NAO	14
21/06/2026	3. Etapa de fotos do documento	APROVADO	SIM	58
21/06/2026	4. Etapa de biometria	APROVADO	NAO	6
21/06/2026	4. Etapa de biometria	APROVADO	SIM	53
21/06/2026	5. Etapa de endereço	APROVADO	NAO	6
21/06/2026	5. Etapa de endereço	APROVADO	SIM	52
21/06/2026	6. Etapa de personalização do cartão	APROVADO	NAO	6
21/06/2026	6. Etapa de personalização do cartão	APROVADO	SIM	51
21/06/2026	7. Etapa de assinatura do contrato	APROVADO	NAO	6
21/06/2026	7. Etapa de assinatura do contrato	APROVADO	SIM	46
21/06/2026	7.1 Finalização (automática)	APROVADO	SIM	1
21/06/2026	8. Etapa de Conclusão Total Cartao Afinz	APROVADO	NAO	6
21/06/2026	8. Etapa de Conclusão Total Cartao Afinz	APROVADO	SIM	45
22/06/2026	0. Etapa de Digitação de CPF		0	951
22/06/2026	1. Etapa de início do onboarding		0	842
22/06/2026	1. Etapa de início do onboarding	APROVADO	NAO	1.926
22/06/2026	2. Etapa de geolocalizacao	APROVADO	NAO	7
22/06/2026	2. Etapa de geolocalizacao	APROVADO	SIM	74
22/06/2026	3. Etapa de fotos do documento	APROVADO	NAO	8
22/06/2026	3. Etapa de fotos do documento	APROVADO	SIM	58
22/06/2026	4. Etapa de biometria	APROVADO	NAO	8
22/06/2026	4. Etapa de biometria	APROVADO	SIM	57
22/06/2026	5. Etapa de endereço	APROVADO	NAO	8
22/06/2026	5. Etapa de endereço	APROVADO	SIM	57
22/06/2026	6. Etapa de personalização do cartão	APROVADO	NAO	8
22/06/2026	6. Etapa de personalização do cartão	APROVADO	SIM	57
22/06/2026	7. Etapa de assinatura do contrato	APROVADO	NAO	7
22/06/2026	7. Etapa de assinatura do contrato	APROVADO	SIM	53
22/06/2026	7.1 Finalização (automática)	APROVADO	SIM	26
22/06/2026	8. Etapa de Conclusão Total Cartao Afinz	APROVADO	NAO	7
22/06/2026	8. Etapa de Conclusão Total Cartao Afinz	APROVADO	SIM	27
22/06/2026	Perda	APROVADO	NAO	2
23/06/2026	0. Etapa de Digitação de CPF		0	1.110
23/06/2026	1. Etapa de início do onboarding		0	936
23/06/2026	1. Etapa de início do onboarding	APROVADO	NAO	1.924
23/06/2026	2. Etapa de geolocalizacao	APROVADO	NAO	82
23/06/2026	2. Etapa de geolocalizacao	APROVADO	SIM	83
23/06/2026	3. Etapa de fotos do documento	APROVADO	NAO	61
23/06/2026	3. Etapa de fotos do documento	APROVADO	SIM	70
23/06/2026	4. Etapa de biometria	APROVADO	NAO	60
23/06/2026	4. Etapa de biometria	APROVADO	SIM	67
23/06/2026	5. Etapa de endereço	APROVADO	NAO	59
23/06/2026	5. Etapa de endereço	APROVADO	SIM	67
23/06/2026	6. Etapa de personalização do cartão	APROVADO	NAO	61
23/06/2026	6. Etapa de personalização do cartão	APROVADO	SIM	67
23/06/2026	7. Etapa de assinatura do contrato	APROVADO	NAO	57
23/06/2026	7. Etapa de assinatura do contrato	APROVADO	SIM	68
23/06/2026	8. Etapa de Conclusão Total Cartao Afinz	APROVADO	NAO	57
23/06/2026	8. Etapa de Conclusão Total Cartao Afinz	APROVADO	SIM	68
23/06/2026	Perda	APROVADO	NAO	21
24/06/2026	0. Etapa de Digitação de CPF		0	943
24/06/2026	1. Etapa de início do onboarding		0	800
24/06/2026	1. Etapa de início do onboarding	APROVADO	NAO	1.766
24/06/2026	2. Etapa de geolocalizacao	APROVADO	NAO	32
24/06/2026	2. Etapa de geolocalizacao	APROVADO	SIM	75
24/06/2026	3. Etapa de fotos do documento	APROVADO	NAO	27
24/06/2026	3. Etapa de fotos do documento	APROVADO	SIM	66
24/06/2026	4. Etapa de biometria	APROVADO	NAO	28
24/06/2026	4. Etapa de biometria	APROVADO	SIM	65
24/06/2026	5. Etapa de endereço	APROVADO	NAO	29
24/06/2026	5. Etapa de endereço	APROVADO	SIM	65
24/06/2026	6. Etapa de personalização do cartão	APROVADO	NAO	29
24/06/2026	6. Etapa de personalização do cartão	APROVADO	SIM	64
24/06/2026	7. Etapa de assinatura do contrato	APROVADO	NAO	28
24/06/2026	7. Etapa de assinatura do contrato	APROVADO	SIM	62
24/06/2026	7.1 Finalização (automática)	APROVADO	SIM	1
24/06/2026	8. Etapa de Conclusão Total Cartao Afinz	APROVADO	NAO	28
24/06/2026	8. Etapa de Conclusão Total Cartao Afinz	APROVADO	SIM	61
24/06/2026	Perda	APROVADO	NAO	3
25/06/2026	0. Etapa de Digitação de CPF		0	1.528
25/06/2026	1. Etapa de início do onboarding		0	890
25/06/2026	1. Etapa de início do onboarding	APROVADO	NAO	2.050
25/06/2026	2. Etapa de geolocalizacao	APROVADO	NAO	14
25/06/2026	2. Etapa de geolocalizacao	APROVADO	SIM	149
25/06/2026	3. Etapa de fotos do documento	APROVADO	NAO	21
25/06/2026	3. Etapa de fotos do documento	APROVADO	SIM	119
25/06/2026	4. Etapa de biometria	APROVADO	NAO	20
25/06/2026	4. Etapa de biometria	APROVADO	SIM	110
25/06/2026	5. Etapa de endereço	APROVADO	NAO	20
25/06/2026	5. Etapa de endereço	APROVADO	SIM	110
25/06/2026	6. Etapa de personalização do cartão	APROVADO	NAO	20
25/06/2026	6. Etapa de personalização do cartão	APROVADO	SIM	109
25/06/2026	7. Etapa de assinatura do contrato	APROVADO	NAO	19
25/06/2026	7. Etapa de assinatura do contrato	APROVADO	SIM	106
25/06/2026	8. Etapa de Conclusão Total Cartao Afinz	APROVADO	NAO	19
25/06/2026	8. Etapa de Conclusão Total Cartao Afinz	APROVADO	SIM	106
25/06/2026	Perda	APROVADO	NAO	5
26/06/2026	0. Etapa de Digitação de CPF		0	1.538
26/06/2026	1. Etapa de início do onboarding		0	944
26/06/2026	1. Etapa de início do onboarding	APROVADO	NAO	1.984
26/06/2026	2. Etapa de geolocalizacao	APROVADO	NAO	69
26/06/2026	2. Etapa de geolocalizacao	APROVADO	SIM	164
26/06/2026	3. Etapa de fotos do documento	APROVADO	NAO	53
26/06/2026	3. Etapa de fotos do documento	APROVADO	SIM	140
26/06/2026	4. Etapa de biometria	APROVADO	NAO	51
26/06/2026	4. Etapa de biometria	APROVADO	SIM	138
26/06/2026	5. Etapa de endereço	APROVADO	NAO	51
26/06/2026	5. Etapa de endereço	APROVADO	SIM	135
26/06/2026	6. Etapa de personalização do cartão	APROVADO	NAO	51
26/06/2026	6. Etapa de personalização do cartão	APROVADO	SIM	135
26/06/2026	7. Etapa de assinatura do contrato	APROVADO	NAO	44
26/06/2026	7. Etapa de assinatura do contrato	APROVADO	SIM	125
26/06/2026	7.1 Finalização (automática)	APROVADO	SIM	1
26/06/2026	8. Etapa de Conclusão Total Cartao Afinz	APROVADO	NAO	44
26/06/2026	8. Etapa de Conclusão Total Cartao Afinz	APROVADO	SIM	122
26/06/2026	Perda	APROVADO	NAO	20
27/06/2026	0. Etapa de Digitação de CPF		0	1.379
27/06/2026	1. Etapa de início do onboarding		0	768
27/06/2026	1. Etapa de início do onboarding	APROVADO	NAO	1.795
27/06/2026	2. Etapa de geolocalizacao	APROVADO	NAO	9
27/06/2026	2. Etapa de geolocalizacao	APROVADO	SIM	127
27/06/2026	3. Etapa de fotos do documento	APROVADO	NAO	13
27/06/2026	3. Etapa de fotos do documento	APROVADO	SIM	114
27/06/2026	4. Etapa de biometria	APROVADO	NAO	9
27/06/2026	4. Etapa de biometria	APROVADO	SIM	113
27/06/2026	5. Etapa de endereço	APROVADO	NAO	9
27/06/2026	5. Etapa de endereço	APROVADO	SIM	113
27/06/2026	6. Etapa de personalização do cartão	APROVADO	NAO	9
27/06/2026	6. Etapa de personalização do cartão	APROVADO	SIM	113
27/06/2026	7. Etapa de assinatura do contrato	APROVADO	NAO	9
27/06/2026	7. Etapa de assinatura do contrato	APROVADO	SIM	113
27/06/2026	7.1 Finalização (automática)	APROVADO	SIM	2
27/06/2026	8. Etapa de Conclusão Total Cartao Afinz	APROVADO	NAO	9
27/06/2026	8. Etapa de Conclusão Total Cartao Afinz	APROVADO	SIM	111
27/06/2026	Perda	APROVADO	NAO	2
28/06/2026	0. Etapa de Digitação de CPF		0	1.084
28/06/2026	1. Etapa de início do onboarding		0	680
28/06/2026	1. Etapa de início do onboarding	APROVADO	NAO	1.555
28/06/2026	2. Etapa de geolocalizacao	APROVADO	NAO	6
28/06/2026	2. Etapa de geolocalizacao	APROVADO	SIM	110
28/06/2026	3. Etapa de fotos do documento	APROVADO	NAO	8
28/06/2026	3. Etapa de fotos do documento	APROVADO	SIM	94
28/06/2026	4. Etapa de biometria	APROVADO	NAO	9
28/06/2026	4. Etapa de biometria	APROVADO	SIM	94
28/06/2026	5. Etapa de endereço	APROVADO	NAO	9
28/06/2026	5. Etapa de endereço	APROVADO	SIM	94
28/06/2026	6. Etapa de personalização do cartão	APROVADO	NAO	9
28/06/2026	6. Etapa de personalização do cartão	APROVADO	SIM	94
28/06/2026	7. Etapa de assinatura do contrato	APROVADO	NAO	7
28/06/2026	7. Etapa de assinatura do contrato	APROVADO	SIM	88
28/06/2026	7.1 Finalização (automática)	APROVADO	SIM	2
28/06/2026	8. Etapa de Conclusão Total Cartao Afinz	APROVADO	NAO	7
28/06/2026	8. Etapa de Conclusão Total Cartao Afinz	APROVADO	SIM	86
28/06/2026	Perda	APROVADO	NAO	1
29/06/2026	0. Etapa de Digitação de CPF		0	1.054
29/06/2026	1. Etapa de início do onboarding		0	666
29/06/2026	1. Etapa de início do onboarding	APROVADO	NAO	1.497
29/06/2026	2. Etapa de geolocalizacao	APROVADO	NAO	13
29/06/2026	2. Etapa de geolocalizacao	APROVADO	SIM	128
29/06/2026	3. Etapa de fotos do documento	APROVADO	NAO	12
29/06/2026	3. Etapa de fotos do documento	APROVADO	SIM	114
29/06/2026	4. Etapa de biometria	APROVADO	NAO	11
29/06/2026	4. Etapa de biometria	APROVADO	SIM	112
29/06/2026	5. Etapa de endereço	APROVADO	NAO	11
29/06/2026	5. Etapa de endereço	APROVADO	SIM	112
29/06/2026	6. Etapa de personalização do cartão	APROVADO	NAO	11
29/06/2026	6. Etapa de personalização do cartão	APROVADO	SIM	111
29/06/2026	7. Etapa de assinatura do contrato	APROVADO	NAO	11
29/06/2026	7. Etapa de assinatura do contrato	APROVADO	SIM	109
29/06/2026	7.1 Finalização (automática)	APROVADO	SIM	4
29/06/2026	8. Etapa de Conclusão Total Cartao Afinz	APROVADO	NAO	11
29/06/2026	8. Etapa de Conclusão Total Cartao Afinz	APROVADO	SIM	105
29/06/2026	Perda	APROVADO	NAO	4
30/06/2026	0. Etapa de Digitação de CPF		0	1.285
30/06/2026	1. Etapa de início do onboarding		0	867
30/06/2026	1. Etapa de início do onboarding	APROVADO	NAO	2.022
30/06/2026	2. Etapa de geolocalizacao	APROVADO	NAO	2
30/06/2026	2. Etapa de geolocalizacao	APROVADO	SIM	138
30/06/2026	3. Etapa de fotos do documento	APROVADO	NAO	3
30/06/2026	3. Etapa de fotos do documento	APROVADO	SIM	122
30/06/2026	4. Etapa de biometria	APROVADO	NAO	3
30/06/2026	4. Etapa de biometria	APROVADO	SIM	118
30/06/2026	5. Etapa de endereço	APROVADO	NAO	3
30/06/2026	5. Etapa de endereço	APROVADO	SIM	117
30/06/2026	6. Etapa de personalização do cartão	APROVADO	NAO	3
30/06/2026	6. Etapa de personalização do cartão	APROVADO	SIM	117
30/06/2026	7. Etapa de assinatura do contrato	APROVADO	NAO	5
30/06/2026	7. Etapa de assinatura do contrato	APROVADO	SIM	115
30/06/2026	7.1 Finalização (automática)	APROVADO	SIM	2
30/06/2026	8. Etapa de Conclusão Total Cartao Afinz	APROVADO	NAO	5
30/06/2026	8. Etapa de Conclusão Total Cartao Afinz	APROVADO	SIM	113
30/06/2026	Perda	APROVADO	NAO	2
01/07/2026	0. Etapa de Digitação de CPF		0	1.788
01/07/2026	1. Etapa de início do onboarding		0	957
01/07/2026	1. Etapa de início do onboarding	APROVADO	NAO	2.238
01/07/2026	2. Etapa de geolocalizacao	APROVADO	SIM	197
01/07/2026	3. Etapa de fotos do documento	APROVADO	NAO	3
01/07/2026	3. Etapa de fotos do documento	APROVADO	SIM	170
01/07/2026	4. Etapa de biometria	APROVADO	NAO	3
01/07/2026	4. Etapa de biometria	APROVADO	SIM	168
01/07/2026	5. Etapa de endereço	APROVADO	NAO	3
01/07/2026	5. Etapa de endereço	APROVADO	SIM	168
01/07/2026	6. Etapa de personalização do cartão	APROVADO	NAO	3
01/07/2026	6. Etapa de personalização do cartão	APROVADO	SIM	168
01/07/2026	7. Etapa de assinatura do contrato	APROVADO	NAO	2
01/07/2026	7. Etapa de assinatura do contrato	APROVADO	SIM	163
01/07/2026	8. Etapa de Conclusão Total Cartao Afinz	APROVADO	NAO	2
01/07/2026	8. Etapa de Conclusão Total Cartao Afinz	APROVADO	SIM	163
01/07/2026	Perda	APROVADO	NAO	1
02/07/2026	0. Etapa de Digitação de CPF		0	1.617
02/07/2026	1. Etapa de início do onboarding		0	887
02/07/2026	1. Etapa de início do onboarding	APROVADO	NAO	2.019
02/07/2026	2. Etapa de geolocalizacao	APROVADO	SIM	152
02/07/2026	3. Etapa de fotos do documento	APROVADO	SIM	136
02/07/2026	4. Etapa de biometria	APROVADO	SIM	133
02/07/2026	5. Etapa de endereço	APROVADO	SIM	133
02/07/2026	6. Etapa de personalização do cartão	APROVADO	SIM	133
02/07/2026	7. Etapa de assinatura do contrato	APROVADO	SIM	129
02/07/2026	8. Etapa de Conclusão Total Cartao Afinz	APROVADO	SIM	129
03/07/2026	0. Etapa de Digitação de CPF		0	1.600
03/07/2026	1. Etapa de início do onboarding		0	851
03/07/2026	1. Etapa de início do onboarding	APROVADO	NAO	1.972
03/07/2026	2. Etapa de geolocalizacao	APROVADO	NAO	6
03/07/2026	2. Etapa de geolocalizacao	APROVADO	SIM	187
03/07/2026	3. Etapa de fotos do documento	APROVADO	NAO	10
03/07/2026	3. Etapa de fotos do documento	APROVADO	SIM	164
03/07/2026	4. Etapa de biometria	APROVADO	NAO	10
03/07/2026	4. Etapa de biometria	APROVADO	SIM	160
03/07/2026	5. Etapa de endereço	APROVADO	NAO	10
03/07/2026	5. Etapa de endereço	APROVADO	SIM	160
03/07/2026	6. Etapa de personalização do cartão	APROVADO	NAO	10
03/07/2026	6. Etapa de personalização do cartão	APROVADO	SIM	159
03/07/2026	7. Etapa de assinatura do contrato	APROVADO	NAO	10
03/07/2026	7. Etapa de assinatura do contrato	APROVADO	SIM	157
03/07/2026	7.1 Finalização (automática)	APROVADO	SIM	1
03/07/2026	8. Etapa de Conclusão Total Cartao Afinz	APROVADO	NAO	10
03/07/2026	8. Etapa de Conclusão Total Cartao Afinz	APROVADO	SIM	156
04/07/2026	0. Etapa de Digitação de CPF		0	1.482
04/07/2026	1. Etapa de início do onboarding		0	694
04/07/2026	1. Etapa de início do onboarding	APROVADO	NAO	1.635
04/07/2026	2. Etapa de geolocalizacao	APROVADO	NAO	2
04/07/2026	2. Etapa de geolocalizacao	APROVADO	SIM	181
04/07/2026	3. Etapa de fotos do documento	APROVADO	NAO	3
04/07/2026	3. Etapa de fotos do documento	APROVADO	SIM	164
04/07/2026	4. Etapa de biometria	APROVADO	NAO	3
04/07/2026	4. Etapa de biometria	APROVADO	SIM	154
04/07/2026	5. Etapa de endereço	APROVADO	NAO	3
04/07/2026	5. Etapa de endereço	APROVADO	SIM	153
04/07/2026	6. Etapa de personalização do cartão	APROVADO	NAO	3
04/07/2026	6. Etapa de personalização do cartão	APROVADO	SIM	153
04/07/2026	7. Etapa de assinatura do contrato	APROVADO	NAO	3
04/07/2026	7. Etapa de assinatura do contrato	APROVADO	SIM	147
04/07/2026	7.1 Finalização (automática)	APROVADO	SIM	2
04/07/2026	8. Etapa de Conclusão Total Cartao Afinz	APROVADO	NAO	3
04/07/2026	8. Etapa de Conclusão Total Cartao Afinz	APROVADO	SIM	145
05/07/2026	0. Etapa de Digitação de CPF		0	999
05/07/2026	1. Etapa de início do onboarding		0	535
05/07/2026	1. Etapa de início do onboarding	APROVADO	NAO	1.236
05/07/2026	2. Etapa de geolocalizacao	APROVADO	NAO	3
05/07/2026	2. Etapa de geolocalizacao	APROVADO	SIM	150
05/07/2026	3. Etapa de fotos do documento	APROVADO	NAO	3
05/07/2026	3. Etapa de fotos do documento	APROVADO	SIM	125
05/07/2026	4. Etapa de biometria	APROVADO	NAO	3
05/07/2026	4. Etapa de biometria	APROVADO	SIM	121
05/07/2026	5. Etapa de endereço	APROVADO	NAO	3
05/07/2026	5. Etapa de endereço	APROVADO	SIM	121
05/07/2026	6. Etapa de personalização do cartão	APROVADO	NAO	3
05/07/2026	6. Etapa de personalização do cartão	APROVADO	SIM	121
05/07/2026	7. Etapa de assinatura do contrato	APROVADO	NAO	2
05/07/2026	7. Etapa de assinatura do contrato	APROVADO	SIM	116
05/07/2026	7.1 Finalização (automática)	APROVADO	SIM	1
05/07/2026	8. Etapa de Conclusão Total Cartao Afinz	APROVADO	NAO	2
05/07/2026	8. Etapa de Conclusão Total Cartao Afinz	APROVADO	SIM	115
05/07/2026	Perda	APROVADO	NAO	1
06/07/2026	0. Etapa de Digitação de CPF		0	1.614
06/07/2026	1. Etapa de início do onboarding		0	923
06/07/2026	1. Etapa de início do onboarding	APROVADO	NAO	2.174
06/07/2026	2. Etapa de geolocalizacao	APROVADO	NAO	2
06/07/2026	2. Etapa de geolocalizacao	APROVADO	SIM	170
06/07/2026	3. Etapa de fotos do documento	APROVADO	NAO	2
06/07/2026	3. Etapa de fotos do documento	APROVADO	SIM	152
06/07/2026	4. Etapa de biometria	APROVADO	NAO	2
06/07/2026	4. Etapa de biometria	APROVADO	SIM	148
06/07/2026	5. Etapa de endereço	APROVADO	NAO	2
06/07/2026	5. Etapa de endereço	APROVADO	SIM	148
06/07/2026	6. Etapa de personalização do cartão	APROVADO	NAO	2
06/07/2026	6. Etapa de personalização do cartão	APROVADO	SIM	148
06/07/2026	7. Etapa de assinatura do contrato	APROVADO	NAO	2
06/07/2026	7. Etapa de assinatura do contrato	APROVADO	SIM	141
06/07/2026	7.1 Finalização (automática)	APROVADO	SIM	1
06/07/2026	8. Etapa de Conclusão Total Cartao Afinz	APROVADO	NAO	2
06/07/2026	8. Etapa de Conclusão Total Cartao Afinz	APROVADO	SIM	141
06/07/2026	Perda	APROVADO	NAO	3
07/07/2026	0. Etapa de Digitação de CPF		0	1.987
07/07/2026	1. Etapa de início do onboarding		0	1.208
07/07/2026	1. Etapa de início do onboarding	APROVADO	NAO	2.302
07/07/2026	2. Etapa de geolocalizacao	APROVADO	NAO	202
07/07/2026	2. Etapa de geolocalizacao	APROVADO	SIM	224
07/07/2026	3. Etapa de fotos do documento	APROVADO	NAO	166
07/07/2026	3. Etapa de fotos do documento	APROVADO	SIM	179
07/07/2026	4. Etapa de biometria	APROVADO	NAO	164
07/07/2026	4. Etapa de biometria	APROVADO	SIM	168
07/07/2026	5. Etapa de endereço	APROVADO	NAO	164
07/07/2026	5. Etapa de endereço	APROVADO	SIM	168
07/07/2026	6. Etapa de personalização do cartão	APROVADO	NAO	164
07/07/2026	6. Etapa de personalização do cartão	APROVADO	SIM	168
07/07/2026	7. Etapa de assinatura do contrato	APROVADO	NAO	144
07/07/2026	7. Etapa de assinatura do contrato	APROVADO	SIM	162
07/07/2026	7.1 Finalização (automática)	APROVADO	NAO	2
07/07/2026	8. Etapa de Conclusão Total Cartao Afinz	APROVADO	NAO	141
07/07/2026	8. Etapa de Conclusão Total Cartao Afinz	APROVADO	SIM	160
07/07/2026	Perda	APROVADO	NAO	36
07/07/2026	Perda	APROVADO	SIM	2
08/07/2026	0. Etapa de Digitação de CPF		0	1.707
08/07/2026	1. Etapa de início do onboarding		0	1.024
08/07/2026	1. Etapa de início do onboarding	APROVADO	NAO	2.258
08/07/2026	2. Etapa de geolocalizacao	APROVADO	NAO	58
08/07/2026	2. Etapa de geolocalizacao	APROVADO	SIM	228
08/07/2026	3. Etapa de fotos do documento	APROVADO	NAO	51
08/07/2026	3. Etapa de fotos do documento	APROVADO	SIM	184
08/07/2026	4. Etapa de biometria	APROVADO	NAO	49
08/07/2026	4. Etapa de biometria	APROVADO	SIM	180
08/07/2026	5. Etapa de endereço	APROVADO	NAO	49
08/07/2026	5. Etapa de endereço	APROVADO	SIM	178
08/07/2026	6. Etapa de personalização do cartão	APROVADO	NAO	49
08/07/2026	6. Etapa de personalização do cartão	APROVADO	SIM	178
08/07/2026	7. Etapa de assinatura do contrato	APROVADO	NAO	46
08/07/2026	7. Etapa de assinatura do contrato	APROVADO	SIM	167
08/07/2026	8. Etapa de Conclusão Total Cartao Afinz	APROVADO	NAO	46
08/07/2026	8. Etapa de Conclusão Total Cartao Afinz	APROVADO	SIM	165
08/07/2026	Perda	APROVADO	NAO	8
09/07/2026	0. Etapa de Digitação de CPF		0	1.616
09/07/2026	1. Etapa de início do onboarding		0	947
09/07/2026	1. Etapa de início do onboarding	APROVADO	NAO	2.148
09/07/2026	2. Etapa de geolocalizacao	APROVADO	NAO	18
09/07/2026	2. Etapa de geolocalizacao	APROVADO	SIM	154
09/07/2026	3. Etapa de fotos do documento	APROVADO	NAO	17
09/07/2026	3. Etapa de fotos do documento	APROVADO	SIM	138
09/07/2026	4. Etapa de biometria	APROVADO	NAO	16
09/07/2026	4. Etapa de biometria	APROVADO	SIM	134
09/07/2026	5. Etapa de endereço	APROVADO	NAO	16
09/07/2026	5. Etapa de endereço	APROVADO	SIM	134
09/07/2026	6. Etapa de personalização do cartão	APROVADO	NAO	16
09/07/2026	6. Etapa de personalização do cartão	APROVADO	SIM	134
09/07/2026	7. Etapa de assinatura do contrato	APROVADO	NAO	13
09/07/2026	7. Etapa de assinatura do contrato	APROVADO	SIM	128
09/07/2026	7.1 Finalização (automática)	APROVADO	SIM	1
09/07/2026	8. Etapa de Conclusão Total Cartao Afinz	APROVADO	NAO	13
09/07/2026	8. Etapa de Conclusão Total Cartao Afinz	APROVADO	SIM	129
09/07/2026	Perda	APROVADO	NAO	3
10/07/2026	0. Etapa de Digitação de CPF		0	1.380
10/07/2026	1. Etapa de início do onboarding		0	826
10/07/2026	1. Etapa de início do onboarding	APROVADO	NAO	1.911
10/07/2026	2. Etapa de geolocalizacao	APROVADO	NAO	7
10/07/2026	2. Etapa de geolocalizacao	APROVADO	SIM	119
10/07/2026	3. Etapa de fotos do documento	APROVADO	NAO	7
10/07/2026	3. Etapa de fotos do documento	APROVADO	SIM	116
10/07/2026	4. Etapa de biometria	APROVADO	NAO	7
10/07/2026	4. Etapa de biometria	APROVADO	SIM	113
10/07/2026	5. Etapa de endereço	APROVADO	NAO	7
10/07/2026	5. Etapa de endereço	APROVADO	SIM	113
10/07/2026	6. Etapa de personalização do cartão	APROVADO	NAO	7
10/07/2026	6. Etapa de personalização do cartão	APROVADO	SIM	113
10/07/2026	7. Etapa de assinatura do contrato	APROVADO	NAO	8
10/07/2026	7. Etapa de assinatura do contrato	APROVADO	SIM	111
10/07/2026	7.1 Finalização (automática)	APROVADO	SIM	1
10/07/2026	8. Etapa de Conclusão Total Cartao Afinz	APROVADO	NAO	8
10/07/2026	8. Etapa de Conclusão Total Cartao Afinz	APROVADO	SIM	110
10/07/2026	Perda	APROVADO	NAO	1
11/07/2026	0. Etapa de Digitação de CPF		0	1.245
11/07/2026	1. Etapa de início do onboarding		0	753
11/07/2026	1. Etapa de início do onboarding	APROVADO	NAO	1.744
11/07/2026	2. Etapa de geolocalizacao	APROVADO	NAO	3
11/07/2026	2. Etapa de geolocalizacao	APROVADO	SIM	127
11/07/2026	3. Etapa de fotos do documento	APROVADO	NAO	5
11/07/2026	3. Etapa de fotos do documento	APROVADO	SIM	104
11/07/2026	4. Etapa de biometria	APROVADO	NAO	4
11/07/2026	4. Etapa de biometria	APROVADO	SIM	99
11/07/2026	5. Etapa de endereço	APROVADO	NAO	4
11/07/2026	5. Etapa de endereço	APROVADO	SIM	99
11/07/2026	6. Etapa de personalização do cartão	APROVADO	NAO	4
11/07/2026	6. Etapa de personalização do cartão	APROVADO	SIM	99
11/07/2026	7. Etapa de assinatura do contrato	APROVADO	NAO	3
11/07/2026	7. Etapa de assinatura do contrato	APROVADO	SIM	98
11/07/2026	7.1 Finalização (automática)	APROVADO	SIM	1
11/07/2026	8. Etapa de Conclusão Total Cartao Afinz	APROVADO	NAO	3
11/07/2026	8. Etapa de Conclusão Total Cartao Afinz	APROVADO	SIM	97
11/07/2026	Perda	APROVADO	NAO	1
12/07/2026	0. Etapa de Digitação de CPF		0	1.178
12/07/2026	1. Etapa de início do onboarding		0	685
12/07/2026	1. Etapa de início do onboarding	APROVADO	NAO	1.571
12/07/2026	2. Etapa de geolocalizacao	APROVADO	NAO	4
12/07/2026	2. Etapa de geolocalizacao	APROVADO	SIM	107
12/07/2026	3. Etapa de fotos do documento	APROVADO	NAO	6
12/07/2026	3. Etapa de fotos do documento	APROVADO	SIM	87
12/07/2026	4. Etapa de biometria	APROVADO	NAO	6
12/07/2026	4. Etapa de biometria	APROVADO	SIM	90
12/07/2026	5. Etapa de endereço	APROVADO	NAO	6
12/07/2026	5. Etapa de endereço	APROVADO	SIM	90
12/07/2026	6. Etapa de personalização do cartão	APROVADO	NAO	6
12/07/2026	6. Etapa de personalização do cartão	APROVADO	SIM	90
12/07/2026	7. Etapa de assinatura do contrato	APROVADO	NAO	6
12/07/2026	7. Etapa de assinatura do contrato	APROVADO	SIM	90
12/07/2026	7.1 Finalização (automática)	APROVADO	SIM	1
12/07/2026	8. Etapa de Conclusão Total Cartao Afinz	APROVADO	NAO	6
12/07/2026	8. Etapa de Conclusão Total Cartao Afinz	APROVADO	SIM	88
12/07/2026	Perda	APROVADO	NAO	1
13/07/2026	0. Etapa de Digitação de CPF		0	1.711
13/07/2026	1. Etapa de início do onboarding		0	1.098
13/07/2026	1. Etapa de início do onboarding	APROVADO	NAO	2.565
13/07/2026	2. Etapa de geolocalizacao	APROVADO	NAO	10
13/07/2026	2. Etapa de geolocalizacao	APROVADO	SIM	132
13/07/2026	3. Etapa de fotos do documento	APROVADO	NAO	8
13/07/2026	3. Etapa de fotos do documento	APROVADO	SIM	113
13/07/2026	4. Etapa de biometria	APROVADO	NAO	8
13/07/2026	4. Etapa de biometria	APROVADO	SIM	109
13/07/2026	5. Etapa de endereço	APROVADO	NAO	8
13/07/2026	5. Etapa de endereço	APROVADO	SIM	109
13/07/2026	6. Etapa de personalização do cartão	APROVADO	NAO	8
13/07/2026	6. Etapa de personalização do cartão	APROVADO	SIM	108
13/07/2026	7. Etapa de assinatura do contrato	APROVADO	NAO	6
13/07/2026	7. Etapa de assinatura do contrato	APROVADO	SIM	105
13/07/2026	8. Etapa de Conclusão Total Cartao Afinz	APROVADO	NAO	6
13/07/2026	8. Etapa de Conclusão Total Cartao Afinz	APROVADO	SIM	105
13/07/2026	Perda	APROVADO	NAO	1
14/07/2026	0. Etapa de Digitação de CPF		0	1.528
14/07/2026	1. Etapa de início do onboarding		0	1.002
14/07/2026	1. Etapa de início do onboarding	APROVADO	NAO	2.189
14/07/2026	2. Etapa de geolocalizacao	APROVADO	NAO	56
14/07/2026	2. Etapa de geolocalizacao	APROVADO	SIM	123
14/07/2026	3. Etapa de fotos do documento	APROVADO	NAO	49
14/07/2026	3. Etapa de fotos do documento	APROVADO	SIM	110
14/07/2026	4. Etapa de biometria	APROVADO	NAO	48
14/07/2026	4. Etapa de biometria	APROVADO	SIM	111
14/07/2026	5. Etapa de endereço	APROVADO	NAO	48
14/07/2026	5. Etapa de endereço	APROVADO	SIM	111
14/07/2026	6. Etapa de personalização do cartão	APROVADO	NAO	48
14/07/2026	6. Etapa de personalização do cartão	APROVADO	SIM	109
14/07/2026	7. Etapa de assinatura do contrato	APROVADO	NAO	45
14/07/2026	7. Etapa de assinatura do contrato	APROVADO	SIM	105
14/07/2026	8. Etapa de Conclusão Total Cartao Afinz	APROVADO	NAO	45
14/07/2026	8. Etapa de Conclusão Total Cartao Afinz	APROVADO	SIM	105
14/07/2026	Perda	APROVADO	NAO	11
15/07/2026	0. Etapa de Digitação de CPF		0	1.576
15/07/2026	1. Etapa de início do onboarding		0	974
15/07/2026	1. Etapa de início do onboarding	APROVADO	NAO	2.191
15/07/2026	2. Etapa de geolocalizacao	APROVADO	NAO	36
15/07/2026	2. Etapa de geolocalizacao	APROVADO	SIM	148
15/07/2026	3. Etapa de fotos do documento	APROVADO	NAO	33
15/07/2026	3. Etapa de fotos do documento	APROVADO	SIM	136
15/07/2026	4. Etapa de biometria	APROVADO	NAO	32
15/07/2026	4. Etapa de biometria	APROVADO	SIM	137
15/07/2026	5. Etapa de endereço	APROVADO	NAO	31
15/07/2026	5. Etapa de endereço	APROVADO	SIM	137
15/07/2026	6. Etapa de personalização do cartão	APROVADO	NAO	31
15/07/2026	6. Etapa de personalização do cartão	APROVADO	SIM	137
15/07/2026	7. Etapa de assinatura do contrato	APROVADO	NAO	30
15/07/2026	7. Etapa de assinatura do contrato	APROVADO	SIM	130
15/07/2026	7.1 Finalização (automática)	APROVADO	SIM	1
15/07/2026	8. Etapa de Conclusão Total Cartao Afinz	APROVADO	NAO	30
15/07/2026	8. Etapa de Conclusão Total Cartao Afinz	APROVADO	SIM	129
15/07/2026	Perda	APROVADO	NAO	8
16/07/2026	0. Etapa de Digitação de CPF		0	1.476
16/07/2026	1. Etapa de início do onboarding		0	923
16/07/2026	1. Etapa de início do onboarding	APROVADO	NAO	2.168
16/07/2026	2. Etapa de geolocalizacao	APROVADO	NAO	5
16/07/2026	2. Etapa de geolocalizacao	APROVADO	SIM	153
16/07/2026	3. Etapa de fotos do documento	APROVADO	NAO	9
16/07/2026	3. Etapa de fotos do documento	APROVADO	SIM	142
16/07/2026	4. Etapa de biometria	APROVADO	NAO	9
16/07/2026	4. Etapa de biometria	APROVADO	SIM	139
16/07/2026	5. Etapa de endereço	APROVADO	NAO	10
16/07/2026	5. Etapa de endereço	APROVADO	SIM	138
16/07/2026	6. Etapa de personalização do cartão	APROVADO	NAO	10
16/07/2026	6. Etapa de personalização do cartão	APROVADO	SIM	138
16/07/2026	7. Etapa de assinatura do contrato	APROVADO	NAO	7
16/07/2026	7. Etapa de assinatura do contrato	APROVADO	SIM	134
16/07/2026	8. Etapa de Conclusão Total Cartao Afinz	APROVADO	NAO	7
16/07/2026	8. Etapa de Conclusão Total Cartao Afinz	APROVADO	SIM	134
16/07/2026	Perda	APROVADO	NAO	3
17/07/2026	0. Etapa de Digitação de CPF		0	1.448
17/07/2026	1. Etapa de início do onboarding		0	904
17/07/2026	1. Etapa de início do onboarding	APROVADO	NAO	2.124
17/07/2026	2. Etapa de geolocalizacao	APROVADO	NAO	6
17/07/2026	2. Etapa de geolocalizacao	APROVADO	SIM	101
17/07/2026	3. Etapa de fotos do documento	APROVADO	NAO	6
17/07/2026	3. Etapa de fotos do documento	APROVADO	SIM	94
17/07/2026	4. Etapa de biometria	APROVADO	NAO	5
17/07/2026	4. Etapa de biometria	APROVADO	SIM	92
17/07/2026	5. Etapa de endereço	APROVADO	NAO	5
17/07/2026	5. Etapa de endereço	APROVADO	SIM	92
17/07/2026	6. Etapa de personalização do cartão	APROVADO	NAO	5
17/07/2026	6. Etapa de personalização do cartão	APROVADO	SIM	92
17/07/2026	7. Etapa de assinatura do contrato	APROVADO	NAO	5
17/07/2026	7. Etapa de assinatura do contrato	APROVADO	SIM	86
17/07/2026	7.1 Finalização (automática)	APROVADO	SIM	1
17/07/2026	8. Etapa de Conclusão Total Cartao Afinz	APROVADO	NAO	5
17/07/2026	8. Etapa de Conclusão Total Cartao Afinz	APROVADO	SIM	85
18/07/2026	0. Etapa de Digitação de CPF		0	1.161
18/07/2026	1. Etapa de início do onboarding		0	931
18/07/2026	1. Etapa de início do onboarding	APROVADO	NAO	2.181
18/07/2026	2. Etapa de geolocalizacao	APROVADO	NAO	6
18/07/2026	2. Etapa de geolocalizacao	APROVADO	SIM	82
18/07/2026	3. Etapa de fotos do documento	APROVADO	NAO	6
18/07/2026	3. Etapa de fotos do documento	APROVADO	SIM	72
18/07/2026	4. Etapa de biometria	APROVADO	NAO	5
18/07/2026	4. Etapa de biometria	APROVADO	SIM	71
18/07/2026	5. Etapa de endereço	APROVADO	NAO	5
18/07/2026	5. Etapa de endereço	APROVADO	SIM	71
18/07/2026	6. Etapa de personalização do cartão	APROVADO	NAO	5
18/07/2026	6. Etapa de personalização do cartão	APROVADO	SIM	71
18/07/2026	7. Etapa de assinatura do contrato	APROVADO	NAO	4
18/07/2026	7. Etapa de assinatura do contrato	APROVADO	SIM	67
18/07/2026	7.1 Finalização (automática)	APROVADO	SIM	1
18/07/2026	8. Etapa de Conclusão Total Cartao Afinz	APROVADO	NAO	4
18/07/2026	8. Etapa de Conclusão Total Cartao Afinz	APROVADO	SIM	65
18/07/2026	Perda	APROVADO	NAO	1
19/07/2026	0. Etapa de Digitação de CPF		0	1.041
19/07/2026	1. Etapa de início do onboarding		0	690
19/07/2026	1. Etapa de início do onboarding	APROVADO	NAO	1.542
19/07/2026	2. Etapa de geolocalizacao	APROVADO	NAO	4
19/07/2026	2. Etapa de geolocalizacao	APROVADO	SIM	81
19/07/2026	3. Etapa de fotos do documento	APROVADO	NAO	2
19/07/2026	3. Etapa de fotos do documento	APROVADO	SIM	77
19/07/2026	4. Etapa de biometria	APROVADO	NAO	2
19/07/2026	4. Etapa de biometria	APROVADO	SIM	75
19/07/2026	5. Etapa de endereço	APROVADO	NAO	2
19/07/2026	5. Etapa de endereço	APROVADO	SIM	75
19/07/2026	6. Etapa de personalização do cartão	APROVADO	NAO	2
19/07/2026	6. Etapa de personalização do cartão	APROVADO	SIM	75
19/07/2026	7. Etapa de assinatura do contrato	APROVADO	NAO	1
19/07/2026	7. Etapa de assinatura do contrato	APROVADO	SIM	70
19/07/2026	7.1 Finalização (automática)	APROVADO	SIM	1
19/07/2026	8. Etapa de Conclusão Total Cartao Afinz	APROVADO	NAO	1
19/07/2026	8. Etapa de Conclusão Total Cartao Afinz	APROVADO	SIM	70
19/07/2026	Perda	APROVADO	NAO	3
20/07/2026	0. Etapa de Digitação de CPF		0	1.644
20/07/2026	1. Etapa de início do onboarding		0	1.017
20/07/2026	1. Etapa de início do onboarding	APROVADO	NAO	2.242
20/07/2026	2. Etapa de geolocalizacao	APROVADO	NAO	48
20/07/2026	2. Etapa de geolocalizacao	APROVADO	SIM	141
20/07/2026	3. Etapa de fotos do documento	APROVADO	NAO	42
20/07/2026	3. Etapa de fotos do documento	APROVADO	SIM	119
20/07/2026	4. Etapa de biometria	APROVADO	NAO	39
20/07/2026	4. Etapa de biometria	APROVADO	SIM	118
20/07/2026	5. Etapa de endereço	APROVADO	NAO	38
20/07/2026	5. Etapa de endereço	APROVADO	SIM	118
20/07/2026	6. Etapa de personalização do cartão	APROVADO	NAO	38
20/07/2026	6. Etapa de personalização do cartão	APROVADO	SIM	118
20/07/2026	7. Etapa de assinatura do contrato	APROVADO	NAO	35
20/07/2026	7. Etapa de assinatura do contrato	APROVADO	SIM	112
20/07/2026	8. Etapa de Conclusão Total Cartao Afinz	APROVADO	NAO	34
20/07/2026	8. Etapa de Conclusão Total Cartao Afinz	APROVADO	SIM	112
20/07/2026	Perda	APROVADO	NAO	6
21/07/2026	0. Etapa de Digitação de CPF		0	1.546
21/07/2026	1. Etapa de início do onboarding		0	1.080
21/07/2026	1. Etapa de início do onboarding	APROVADO	NAO	2.486
21/07/2026	2. Etapa de geolocalizacao	APROVADO	NAO	18
21/07/2026	2. Etapa de geolocalizacao	APROVADO	SIM	135
21/07/2026	3. Etapa de fotos do documento	APROVADO	NAO	16
21/07/2026	3. Etapa de fotos do documento	APROVADO	SIM	126
21/07/2026	4. Etapa de biometria	APROVADO	NAO	15
21/07/2026	4. Etapa de biometria	APROVADO	SIM	115
21/07/2026	5. Etapa de endereço	APROVADO	NAO	15
21/07/2026	5. Etapa de endereço	APROVADO	SIM	115
21/07/2026	6. Etapa de personalização do cartão	APROVADO	NAO	15
21/07/2026	6. Etapa de personalização do cartão	APROVADO	SIM	115
21/07/2026	7. Etapa de assinatura do contrato	APROVADO	NAO	14
21/07/2026	7. Etapa de assinatura do contrato	APROVADO	SIM	112
21/07/2026	7.1 Finalização (automática)	APROVADO	SIM	1
21/07/2026	8. Etapa de Conclusão Total Cartao Afinz	APROVADO	NAO	14
21/07/2026	8. Etapa de Conclusão Total Cartao Afinz	APROVADO	SIM	111
21/07/2026	Perda	APROVADO	NAO	7
22/07/2026	0. Etapa de Digitação de CPF		0	885
22/07/2026	1. Etapa de início do onboarding		0	1.000
22/07/2026	1. Etapa de início do onboarding	APROVADO	NAO	2.315
22/07/2026	2. Etapa de geolocalizacao	APROVADO	NAO	6
22/07/2026	2. Etapa de geolocalizacao	APROVADO	SIM	55
22/07/2026	3. Etapa de fotos do documento	APROVADO	NAO	8
22/07/2026	3. Etapa de fotos do documento	APROVADO	SIM	53
22/07/2026	4. Etapa de biometria	APROVADO	NAO	6
22/07/2026	4. Etapa de biometria	APROVADO	SIM	48
22/07/2026	5. Etapa de endereço	APROVADO	NAO	7
22/07/2026	5. Etapa de endereço	APROVADO	SIM	48
22/07/2026	6. Etapa de personalização do cartão	APROVADO	NAO	7
22/07/2026	6. Etapa de personalização do cartão	APROVADO	SIM	48
22/07/2026	7. Etapa de assinatura do contrato	APROVADO	NAO	7
22/07/2026	7. Etapa de assinatura do contrato	APROVADO	SIM	48
22/07/2026	8. Etapa de Conclusão Total Cartao Afinz	APROVADO	NAO	7
22/07/2026	8. Etapa de Conclusão Total Cartao Afinz	APROVADO	SIM	48
22/07/2026	Perda	APROVADO	NAO	1
23/07/2026	0. Etapa de Digitação de CPF		0	896
23/07/2026	1. Etapa de início do onboarding		0	1.016
23/07/2026	1. Etapa de início do onboarding	APROVADO	NAO	2.421
23/07/2026	2. Etapa de geolocalizacao	APROVADO	NAO	9
23/07/2026	2. Etapa de geolocalizacao	APROVADO	SIM	43
23/07/2026	3. Etapa de fotos do documento	APROVADO	NAO	9
23/07/2026	3. Etapa de fotos do documento	APROVADO	SIM	39
23/07/2026	4. Etapa de biometria	APROVADO	NAO	8
23/07/2026	4. Etapa de biometria	APROVADO	SIM	40
23/07/2026	5. Etapa de endereço	APROVADO	NAO	8
23/07/2026	5. Etapa de endereço	APROVADO	SIM	39
23/07/2026	6. Etapa de personalização do cartão	APROVADO	NAO	8
23/07/2026	6. Etapa de personalização do cartão	APROVADO	SIM	39
23/07/2026	7. Etapa de assinatura do contrato	APROVADO	NAO	8
23/07/2026	7. Etapa de assinatura do contrato	APROVADO	SIM	38
23/07/2026	8. Etapa de Conclusão Total Cartao Afinz	APROVADO	NAO	8
23/07/2026	8. Etapa de Conclusão Total Cartao Afinz	APROVADO	SIM	39
24/07/2026	0. Etapa de Digitação de CPF		0	904
24/07/2026	1. Etapa de início do onboarding		0	1.052
24/07/2026	1. Etapa de início do onboarding	APROVADO	NAO	2.250
24/07/2026	2. Etapa de geolocalizacao	APROVADO	NAO	64
24/07/2026	2. Etapa de geolocalizacao	APROVADO	SIM	72
24/07/2026	3. Etapa de fotos do documento	APROVADO	NAO	52
24/07/2026	3. Etapa de fotos do documento	APROVADO	SIM	59
24/07/2026	4. Etapa de biometria	APROVADO	NAO	49
24/07/2026	4. Etapa de biometria	APROVADO	SIM	57
24/07/2026	5. Etapa de endereço	APROVADO	NAO	48
24/07/2026	5. Etapa de endereço	APROVADO	SIM	58
24/07/2026	6. Etapa de personalização do cartão	APROVADO	NAO	48
24/07/2026	6. Etapa de personalização do cartão	APROVADO	SIM	58
24/07/2026	7. Etapa de assinatura do contrato	APROVADO	NAO	45
24/07/2026	7. Etapa de assinatura do contrato	APROVADO	SIM	56
24/07/2026	8. Etapa de Conclusão Total Cartao Afinz	APROVADO	NAO	44
24/07/2026	8. Etapa de Conclusão Total Cartao Afinz	APROVADO	SIM	55
24/07/2026	Perda	APROVADO	NAO	15
25/07/2026	0. Etapa de Digitação de CPF		0	830
25/07/2026	1. Etapa de início do onboarding		0	939
25/07/2026	1. Etapa de início do onboarding	APROVADO	NAO	2.154
25/07/2026	2. Etapa de geolocalizacao	APROVADO	NAO	19
25/07/2026	2. Etapa de geolocalizacao	APROVADO	SIM	60
25/07/2026	3. Etapa de fotos do documento	APROVADO	NAO	12
25/07/2026	3. Etapa de fotos do documento	APROVADO	SIM	54
25/07/2026	4. Etapa de biometria	APROVADO	NAO	12
25/07/2026	4. Etapa de biometria	APROVADO	SIM	54
25/07/2026	5. Etapa de endereço	APROVADO	NAO	13
25/07/2026	5. Etapa de endereço	APROVADO	SIM	54
25/07/2026	6. Etapa de personalização do cartão	APROVADO	NAO	13
25/07/2026	6. Etapa de personalização do cartão	APROVADO	SIM	54
25/07/2026	7. Etapa de assinatura do contrato	APROVADO	NAO	11
25/07/2026	7. Etapa de assinatura do contrato	APROVADO	SIM	50
25/07/2026	8. Etapa de Conclusão Total Cartao Afinz	APROVADO	NAO	11
25/07/2026	8. Etapa de Conclusão Total Cartao Afinz	APROVADO	SIM	49
25/07/2026	Perda	APROVADO	NAO	12
26/07/2026	0. Etapa de Digitação de CPF		0	659
26/07/2026	1. Etapa de início do onboarding		0	746
26/07/2026	1. Etapa de início do onboarding	APROVADO	NAO	1.650
26/07/2026	2. Etapa de geolocalizacao	APROVADO	NAO	8
26/07/2026	2. Etapa de geolocalizacao	APROVADO	SIM	49
26/07/2026	3. Etapa de fotos do documento	APROVADO	NAO	8
26/07/2026	3. Etapa de fotos do documento	APROVADO	SIM	48
26/07/2026	4. Etapa de biometria	APROVADO	NAO	7
26/07/2026	4. Etapa de biometria	APROVADO	SIM	46
26/07/2026	5. Etapa de endereço	APROVADO	NAO	7
26/07/2026	5. Etapa de endereço	APROVADO	SIM	46
26/07/2026	6. Etapa de personalização do cartão	APROVADO	NAO	7
26/07/2026	6. Etapa de personalização do cartão	APROVADO	SIM	46
26/07/2026	7. Etapa de assinatura do contrato	APROVADO	NAO	6
26/07/2026	7. Etapa de assinatura do contrato	APROVADO	SIM	46
26/07/2026	7.1 Finalização (automática)	APROVADO	SIM	1
26/07/2026	8. Etapa de Conclusão Total Cartao Afinz	APROVADO	NAO	6
26/07/2026	8. Etapa de Conclusão Total Cartao Afinz	APROVADO	SIM	45
26/07/2026	Perda	APROVADO	NAO	1
27/07/2026	0. Etapa de Digitação de CPF		0	37
27/07/2026	1. Etapa de início do onboarding	APROVADO	NAO	123
27/07/2026	2. Etapa de geolocalizacao	APROVADO	SIM	2
27/07/2026	3. Etapa de fotos do documento	APROVADO	SIM	2
27/07/2026	4. Etapa de biometria	APROVADO	SIM	2
27/07/2026	5. Etapa de endereço	APROVADO	SIM	2
27/07/2026	6. Etapa de personalização do cartão	APROVADO	SIM	2
27/07/2026	7. Etapa de assinatura do contrato	APROVADO	SIM	2
27/07/2026	8. Etapa de Conclusão Total Cartao Afinz	APROVADO	SIM	2
28/07/2026	0. Etapa de Digitação de CPF		0	869
29/07/2026	0. Etapa de Digitação de CPF		0	813
30/07/2026	0. Etapa de Digitação de CPF		0	817
30/07/2026	1. Etapa de início do onboarding		0	859
30/07/2026	1. Etapa de início do onboarding	APROVADO	NAO	1420
30/07/2026	2. Etapa de geolocalizacao	APROVADO	NAO	23
30/07/2026	2. Etapa de geolocalizacao	APROVADO	SIM	31
30/07/2026	3. Etapa de fotos do documento	APROVADO	NAO	13
30/07/2026	3. Etapa de fotos do documento	APROVADO	SIM	34
30/07/2026	4. Etapa de biometria	APROVADO	NAO	10
30/07/2026	4. Etapa de biometria	APROVADO	SIM	33
30/07/2026	5. Etapa de endereço	APROVADO	NAO	10
30/07/2026	5. Etapa de endereço	APROVADO	SIM	32
30/07/2026	6. Etapa de personalização do cartão	APROVADO	NAO	10
30/07/2026	6. Etapa de personalização do cartão	APROVADO	SIM	32
30/07/2026	7. Etapa de assinatura do contrato	APROVADO	NAO	7
30/07/2026	7. Etapa de assinatura do contrato	APROVADO	SIM	32
30/07/2026	7.1 Finalização (automática)	APROVADO	SIM	2
30/07/2026	8. Etapa de Conclusão Total Cartao Afinz	APROVADO	NAO	7
30/07/2026	8. Etapa de Conclusão Total Cartao Afinz	APROVADO	SIM	30
31/07/2026	0. Etapa de Digitação de CPF		0	858
31/07/2026	1. Etapa de início do onboarding		0	908
31/07/2026	1. Etapa de início do onboarding	APROVADO	NAO	2180
31/07/2026	2. Etapa de geolocalizacao	APROVADO	NAO	13
31/07/2026	2. Etapa de geolocalizacao	APROVADO	SIM	43
31/07/2026	3. Etapa de fotos do documento	APROVADO	NAO	13
31/07/2026	3. Etapa de fotos do documento	APROVADO	SIM	39
31/07/2026	4. Etapa de biometria	APROVADO	NAO	12
31/07/2026	4. Etapa de biometria	APROVADO	SIM	36
31/07/2026	5. Etapa de endereço	APROVADO	NAO	12
31/07/2026	5. Etapa de endereço	APROVADO	SIM	35
31/07/2026	6. Etapa de personalização do cartão	APROVADO	NAO	12
31/07/2026	6. Etapa de personalização do cartão	APROVADO	SIM	35
31/07/2026	7. Etapa de assinatura do contrato	APROVADO	NAO	10
31/07/2026	7. Etapa de assinatura do contrato	APROVADO	SIM	33
31/07/2026	8. Etapa de Conclusão Total Cartao Afinz	APROVADO	NAO	10
31/07/2026	8. Etapa de Conclusão Total Cartao Afinz	APROVADO	SIM	33
01/08/2026	0. Etapa de Digitação de CPF		0	703
01/08/2026	1. Etapa de início do onboarding		0	758
01/08/2026	1. Etapa de início do onboarding	APROVADO	NAO	1766
01/08/2026	2. Etapa de geolocalizacao	APROVADO	NAO	2
01/08/2026	2. Etapa de geolocalizacao	APROVADO	SIM	62
01/08/2026	3. Etapa de fotos do documento	APROVADO	NAO	2
01/08/2026	3. Etapa de fotos do documento	APROVADO	SIM	53
01/08/2026	4. Etapa de biometria	APROVADO	NAO	1
01/08/2026	4. Etapa de biometria	APROVADO	SIM	56
01/08/2026	5. Etapa de endereço	APROVADO	NAO	1
01/08/2026	5. Etapa de endereço	APROVADO	SIM	56
01/08/2026	6. Etapa de personalização do cartão	APROVADO	NAO	1
01/08/2026	6. Etapa de personalização do cartão	APROVADO	SIM	56
01/08/2026	7. Etapa de assinatura do contrato	APROVADO	NAO	1
01/08/2026	7. Etapa de assinatura do contrato	APROVADO	SIM	55
01/08/2026	8. Etapa de Conclusão Total Cartao Afinz	APROVADO	NAO	1
01/08/2026	8. Etapa de Conclusão Total Cartao Afinz	APROVADO	SIM	55
02/08/2026	0. Etapa de Digitação de CPF		0	678
02/08/2026	1. Etapa de início do onboarding		0	607
02/08/2026	1. Etapa de início do onboarding	APROVADO	NAO	1395
02/08/2026	2. Etapa de geolocalizacao	APROVADO	NAO	3
02/08/2026	2. Etapa de geolocalizacao	APROVADO	SIM	55
02/08/2026	3. Etapa de fotos do documento	APROVADO	NAO	4
02/08/2026	3. Etapa de fotos do documento	APROVADO	SIM	46
02/08/2026	4. Etapa de biometria	APROVADO	NAO	4
02/08/2026	4. Etapa de biometria	APROVADO	SIM	45
02/08/2026	5. Etapa de endereço	APROVADO	NAO	3
02/08/2026	5. Etapa de endereço	APROVADO	SIM	45
02/08/2026	6. Etapa de personalização do cartão	APROVADO	NAO	3
02/08/2026	6. Etapa de personalização do cartão	APROVADO	SIM	45
02/08/2026	7. Etapa de assinatura do contrato	APROVADO	NAO	3
02/08/2026	7. Etapa de assinatura do contrato	APROVADO	SIM	45
02/08/2026	8. Etapa de Conclusão Total Cartao Afinz	APROVADO	NAO	3
02/08/2026	8. Etapa de Conclusão Total Cartao Afinz	APROVADO	SIM	45
03/08/2026	0. Etapa de Digitação de CPF		0	1222
03/08/2026	1. Etapa de início do onboarding		0	869
03/08/2026	1. Etapa de início do onboarding	APROVADO	NAO	2056
03/08/2026	2. Etapa de geolocalizacao	APROVADO	NAO	3
03/08/2026	2. Etapa de geolocalizacao	APROVADO	SIM	234
03/08/2026	3. Etapa de fotos do documento	APROVADO	NAO	5
03/08/2026	3. Etapa de fotos do documento	APROVADO	SIM	202
03/08/2026	4. Etapa de biometria	APROVADO	NAO	5
03/08/2026	4. Etapa de biometria	APROVADO	SIM	194
03/08/2026	5. Etapa de endereço	APROVADO	NAO	5
03/08/2026	5. Etapa de endereço	APROVADO	SIM	194
03/08/2026	6. Etapa de personalização do cartão	APROVADO	NAO	5
03/08/2026	6. Etapa de personalização do cartão	APROVADO	SIM	194
03/08/2026	7. Etapa de assinatura do contrato	APROVADO	NAO	5
03/08/2026	7. Etapa de assinatura do contrato	APROVADO	SIM	186
03/08/2026	8. Etapa de Conclusão Total Cartao Afinz	APROVADO	NAO	5
03/08/2026	8. Etapa de Conclusão Total Cartao Afinz	APROVADO	SIM	185
04/08/2026	0. Etapa de Digitação de CPF		0	1612
04/08/2026	1. Etapa de início do onboarding		0	1296
04/08/2026	1. Etapa de início do onboarding	APROVADO	NAO	2136
04/08/2026	2. Etapa de geolocalizacao	APROVADO	NAO	364
04/08/2026	2. Etapa de geolocalizacao	APROVADO	SIM	200
04/08/2026	3. Etapa de fotos do documento	APROVADO	NAO	296
04/08/2026	3. Etapa de fotos do documento	APROVADO	SIM	155
04/08/2026	4. Etapa de biometria	APROVADO	NAO	295
04/08/2026	4. Etapa de biometria	APROVADO	SIM	153
04/08/2026	5. Etapa de endereço	APROVADO	NAO	294
04/08/2026	5. Etapa de endereço	APROVADO	SIM	154
04/08/2026	6. Etapa de personalização do cartão	APROVADO	NAO	294
04/08/2026	6. Etapa de personalização do cartão	APROVADO	SIM	154
04/08/2026	7. Etapa de assinatura do contrato	APROVADO	NAO	275
04/08/2026	7. Etapa de assinatura do contrato	APROVADO	SIM	145
04/08/2026	7.1 Finalização (automática)	APROVADO	SIM	2
04/08/2026	8. Etapa de Conclusão Total Cartao Afinz	APROVADO	NAO	275
04/08/2026	8. Etapa de Conclusão Total Cartao Afinz	APROVADO	SIM	143
05/08/2026	0. Etapa de Digitação de CPF		0	1068
05/08/2026	1. Etapa de início do onboarding		0	971
05/08/2026	1. Etapa de início do onboarding	APROVADO	NAO	2136
05/08/2026	2. Etapa de geolocalizacao	APROVADO	NAO	41
05/08/2026	2. Etapa de geolocalizacao	APROVADO	SIM	134
05/08/2026	3. Etapa de fotos do documento	APROVADO	NAO	45
05/08/2026	3. Etapa de fotos do documento	APROVADO	SIM	129
05/08/2026	4. Etapa de biometria	APROVADO	NAO	43
05/08/2026	4. Etapa de biometria	APROVADO	SIM	128
05/08/2026	5. Etapa de endereço	APROVADO	NAO	43
05/08/2026	5. Etapa de endereço	APROVADO	SIM	128
05/08/2026	6. Etapa de personalização do cartão	APROVADO	NAO	43
05/08/2026	6. Etapa de personalização do cartão	APROVADO	SIM	128
05/08/2026	7. Etapa de assinatura do contrato	APROVADO	NAO	44
05/08/2026	7. Etapa de assinatura do contrato	APROVADO	SIM	124
05/08/2026	7.1 Finalização (automática)	APROVADO	SIM	2
05/08/2026	8. Etapa de Conclusão Total Cartao Afinz	APROVADO	NAO	44
05/08/2026	8. Etapa de Conclusão Total Cartao Afinz	APROVADO	SIM	122
06/08/2026	0. Etapa de Digitação de CPF		0	1292
06/08/2026	1. Etapa de início do onboarding		0	1243
06/08/2026	1. Etapa de início do onboarding	APROVADO	NAO	2111
06/08/2026	2. Etapa de geolocalizacao	APROVADO	NAO	300
06/08/2026	2. Etapa de geolocalizacao	APROVADO	SIM	65
06/08/2026	3. Etapa de fotos do documento	APROVADO	NAO	233
06/08/2026	3. Etapa de fotos do documento	APROVADO	SIM	58
06/08/2026	4. Etapa de biometria	APROVADO	NAO	230
06/08/2026	4. Etapa de biometria	APROVADO	SIM	58
06/08/2026	5. Etapa de endereço	APROVADO	NAO	228
06/08/2026	5. Etapa de endereço	APROVADO	SIM	58
06/08/2026	6. Etapa de personalização do cartão	APROVADO	NAO	228
06/08/2026	6. Etapa de personalização do cartão	APROVADO	SIM	58
06/08/2026	7. Etapa de assinatura do contrato	APROVADO	NAO	214
06/08/2026	7. Etapa de assinatura do contrato	APROVADO	SIM	55
06/08/2026	8. Etapa de Conclusão Total Cartao Afinz	APROVADO	NAO	214
06/08/2026	8. Etapa de Conclusão Total Cartao Afinz	APROVADO	SIM	55
07/08/2026	0. Etapa de Digitação de CPF		0	985
07/08/2026	1. Etapa de início do onboarding		0	924
07/08/2026	1. Etapa de início do onboarding	APROVADO	NAO	2013
07/08/2026	2. Etapa de geolocalizacao	APROVADO	NAO	78
07/08/2026	2. Etapa de geolocalizacao	APROVADO	SIM	78
07/08/2026	3. Etapa de fotos do documento	APROVADO	NAO	80
07/08/2026	3. Etapa de fotos do documento	APROVADO	SIM	67
07/08/2026	4. Etapa de biometria	APROVADO	NAO	79
07/08/2026	4. Etapa de biometria	APROVADO	SIM	66
07/08/2026	5. Etapa de endereço	APROVADO	NAO	78
07/08/2026	5. Etapa de endereço	APROVADO	SIM	66
07/08/2026	6. Etapa de personalização do cartão	APROVADO	NAO	77
07/08/2026	6. Etapa de personalização do cartão	APROVADO	SIM	66
07/08/2026	7. Etapa de assinatura do contrato	APROVADO	NAO	66
07/08/2026	7. Etapa de assinatura do contrato	APROVADO	SIM	65
07/08/2026	8. Etapa de Conclusão Total Cartao Afinz	APROVADO	NAO	66
07/08/2026	8. Etapa de Conclusão Total Cartao Afinz	APROVADO	SIM	65
08/08/2026	0. Etapa de Digitação de CPF		0	793
08/08/2026	1. Etapa de início do onboarding		0	742
08/08/2026	1. Etapa de início do onboarding	APROVADO	NAO	1699
08/08/2026	2. Etapa de geolocalizacao	APROVADO	NAO	21
08/08/2026	2. Etapa de geolocalizacao	APROVADO	SIM	115
08/08/2026	3. Etapa de fotos do documento	APROVADO	NAO	27
08/08/2026	3. Etapa de fotos do documento	APROVADO	SIM	94
08/08/2026	4. Etapa de biometria	APROVADO	NAO	27
08/08/2026	4. Etapa de biometria	APROVADO	SIM	90
08/08/2026	5. Etapa de endereço	APROVADO	NAO	27
08/08/2026	5. Etapa de endereço	APROVADO	SIM	90
08/08/2026	6. Etapa de personalização do cartão	APROVADO	NAO	28
08/08/2026	6. Etapa de personalização do cartão	APROVADO	SIM	89
08/08/2026	7. Etapa de assinatura do contrato	APROVADO	NAO	25
08/08/2026	7. Etapa de assinatura do contrato	APROVADO	SIM	86
08/08/2026	8. Etapa de Conclusão Total Cartao Afinz	APROVADO	NAO	25
08/08/2026	8. Etapa de Conclusão Total Cartao Afinz	APROVADO	SIM	84
09/08/2026	0. Etapa de Digitação de CPF		0	647
09/08/2026	1. Etapa de início do onboarding		0	596
09/08/2026	1. Etapa de início do onboarding	APROVADO	NAO	1338
09/08/2026	2. Etapa de geolocalizacao	APROVADO	NAO	17
09/08/2026	2. Etapa de geolocalizacao	APROVADO	SIM	78
09/08/2026	3. Etapa de fotos do documento	APROVADO	NAO	20
09/08/2026	3. Etapa de fotos do documento	APROVADO	SIM	71
09/08/2026	4. Etapa de biometria	APROVADO	NAO	18
09/08/2026	4. Etapa de biometria	APROVADO	SIM	71
09/08/2026	5. Etapa de endereço	APROVADO	NAO	18
09/08/2026	5. Etapa de endereço	APROVADO	SIM	70
09/08/2026	6. Etapa de personalização do cartão	APROVADO	NAO	18
09/08/2026	6. Etapa de personalização do cartão	APROVADO	SIM	70
09/08/2026	7. Etapa de assinatura do contrato	APROVADO	NAO	16
09/08/2026	7. Etapa de assinatura do contrato	APROVADO	SIM	63
09/08/2026	8. Etapa de Conclusão Total Cartao Afinz	APROVADO	NAO	16
09/08/2026	8. Etapa de Conclusão Total Cartao Afinz	APROVADO	SIM	63
10/08/2026	0. Etapa de Digitação de CPF		0	846
10/08/2026	1. Etapa de início do onboarding		0	936
10/08/2026	1. Etapa de início do onboarding	APROVADO	NAO	2081
10/08/2026	2. Etapa de geolocalizacao	APROVADO	NAO	57
10/08/2026	2. Etapa de geolocalizacao	APROVADO	SIM	63
10/08/2026	3. Etapa de fotos do documento	APROVADO	NAO	39
10/08/2026	3. Etapa de fotos do documento	APROVADO	SIM	59
10/08/2026	4. Etapa de biometria	APROVADO	NAO	39
10/08/2026	4. Etapa de biometria	APROVADO	SIM	59
10/08/2026	5. Etapa de endereço	APROVADO	NAO	39
10/08/2026	5. Etapa de endereço	APROVADO	SIM	59
10/08/2026	6. Etapa de personalização do cartão	APROVADO	NAO	39
10/08/2026	6. Etapa de personalização do cartão	APROVADO	SIM	59
10/08/2026	7. Etapa de assinatura do contrato	APROVADO	NAO	37
10/08/2026	7. Etapa de assinatura do contrato	APROVADO	SIM	57
10/08/2026	8. Etapa de Conclusão Total Cartao Afinz	APROVADO	NAO	37
10/08/2026	8. Etapa de Conclusão Total Cartao Afinz	APROVADO	SIM	57
11/08/2026	0. Etapa de Digitação de CPF		0	1063
11/08/2026	1. Etapa de início do onboarding		0	994
11/08/2026	1. Etapa de início do onboarding	APROVADO	NAO	2116
11/08/2026	2. Etapa de geolocalizacao	APROVADO	NAO	64
11/08/2026	2. Etapa de geolocalizacao	APROVADO	SIM	102
11/08/2026	3. Etapa de fotos do documento	APROVADO	NAO	45
11/08/2026	3. Etapa de fotos do documento	APROVADO	SIM	86
11/08/2026	4. Etapa de biometria	APROVADO	NAO	44
11/08/2026	4. Etapa de biometria	APROVADO	SIM	78
11/08/2026	5. Etapa de endereço	APROVADO	NAO	44
11/08/2026	5. Etapa de endereço	APROVADO	SIM	78
11/08/2026	6. Etapa de personalização do cartão	APROVADO	NAO	44
11/08/2026	6. Etapa de personalização do cartão	APROVADO	SIM	78
11/08/2026	7. Etapa de assinatura do contrato	APROVADO	NAO	42
11/08/2026	7. Etapa de assinatura do contrato	APROVADO	SIM	76
11/08/2026	7.1 Finalização (automática)	APROVADO	SIM	5
11/08/2026	8. Etapa de Conclusão Total Cartao Afinz	APROVADO	NAO	42
11/08/2026	8. Etapa de Conclusão Total Cartao Afinz	APROVADO	SIM	70
12/08/2026	0. Etapa de Digitação de CPF		0	893
12/08/2026	1. Etapa de início do onboarding		0	921
12/08/2026	1. Etapa de início do onboarding	APROVADO	NAO	2114
12/08/2026	2. Etapa de geolocalizacao	APROVADO	NAO	17
12/08/2026	2. Etapa de geolocalizacao	APROVADO	SIM	93
12/08/2026	3. Etapa de fotos do documento	APROVADO	NAO	25
12/08/2026	3. Etapa de fotos do documento	APROVADO	SIM	79
12/08/2026	4. Etapa de biometria	APROVADO	NAO	24
12/08/2026	4. Etapa de biometria	APROVADO	SIM	76
12/08/2026	5. Etapa de endereço	APROVADO	NAO	24
12/08/2026	5. Etapa de endereço	APROVADO	SIM	76
12/08/2026	6. Etapa de personalização do cartão	APROVADO	NAO	24
12/08/2026	6. Etapa de personalização do cartão	APROVADO	SIM	76
12/08/2026	7. Etapa de assinatura do contrato	APROVADO	NAO	20
12/08/2026	7. Etapa de assinatura do contrato	APROVADO	SIM	72
12/08/2026	8. Etapa de Conclusão Total Cartao Afinz	APROVADO	NAO	20
12/08/2026	8. Etapa de Conclusão Total Cartao Afinz	APROVADO	SIM	72
13/08/2026	0. Etapa de Digitação de CPF		0	833
13/08/2026	1. Etapa de início do onboarding		0	919
13/08/2026	1. Etapa de início do onboarding	APROVADO	NAO	2088
13/08/2026	2. Etapa de geolocalizacao	APROVADO	NAO	13
13/08/2026	2. Etapa de geolocalizacao	APROVADO	SIM	43
13/08/2026	3. Etapa de fotos do documento	APROVADO	NAO	13
13/08/2026	3. Etapa de fotos do documento	APROVADO	SIM	42
13/08/2026	4. Etapa de biometria	APROVADO	NAO	13
13/08/2026	4. Etapa de biometria	APROVADO	SIM	41
13/08/2026	5. Etapa de endereço	APROVADO	NAO	13
13/08/2026	5. Etapa de endereço	APROVADO	SIM	41
13/08/2026	6. Etapa de personalização do cartão	APROVADO	NAO	13
13/08/2026	6. Etapa de personalização do cartão	APROVADO	SIM	41
13/08/2026	7. Etapa de assinatura do contrato	APROVADO	NAO	13
13/08/2026	7. Etapa de assinatura do contrato	APROVADO	SIM	41
13/08/2026	8. Etapa de Conclusão Total Cartao Afinz	APROVADO	NAO	13
13/08/2026	8. Etapa de Conclusão Total Cartao Afinz	APROVADO	SIM	41
14/08/2026	0. Etapa de Digitação de CPF		0	844
14/08/2026	1. Etapa de início do onboarding		0	912
14/08/2026	1. Etapa de início do onboarding	APROVADO	NAO	1953
14/08/2026	2. Etapa de geolocalizacao	APROVADO	NAO	56
14/08/2026	2. Etapa de geolocalizacao	APROVADO	SIM	54
14/08/2026	3. Etapa de fotos do documento	APROVADO	NAO	43
14/08/2026	3. Etapa de fotos do documento	APROVADO	SIM	52
14/08/2026	4. Etapa de biometria	APROVADO	NAO	43
14/08/2026	4. Etapa de biometria	APROVADO	SIM	52
14/08/2026	5. Etapa de endereço	APROVADO	NAO	43
14/08/2026	5. Etapa de endereço	APROVADO	SIM	52
14/08/2026	6. Etapa de personalização do cartão	APROVADO	NAO	43
14/08/2026	6. Etapa de personalização do cartão	APROVADO	SIM	52
14/08/2026	7. Etapa de assinatura do contrato	APROVADO	NAO	40
14/08/2026	7. Etapa de assinatura do contrato	APROVADO	SIM	50
14/08/2026	7.1 Finalização (automática)	APROVADO	SIM	1
14/08/2026	8. Etapa de Conclusão Total Cartao Afinz	APROVADO	NAO	40
14/08/2026	8. Etapa de Conclusão Total Cartao Afinz	APROVADO	SIM	49
15/08/2026	0. Etapa de Digitação de CPF		0	799
15/08/2026	1. Etapa de início do onboarding		0	711
15/08/2026	1. Etapa de início do onboarding	APROVADO	NAO	1595
15/08/2026	2. Etapa de geolocalizacao	APROVADO	NAO	31
15/08/2026	2. Etapa de geolocalizacao	APROVADO	SIM	71
15/08/2026	3. Etapa de fotos do documento	APROVADO	NAO	23
15/08/2026	3. Etapa de fotos do documento	APROVADO	SIM	61
15/08/2026	4. Etapa de biometria	APROVADO	NAO	22
15/08/2026	4. Etapa de biometria	APROVADO	SIM	58
15/08/2026	5. Etapa de endereço	APROVADO	NAO	22
15/08/2026	5. Etapa de endereço	APROVADO	SIM	57
15/08/2026	6. Etapa de personalização do cartão	APROVADO	NAO	22
15/08/2026	6. Etapa de personalização do cartão	APROVADO	SIM	56
15/08/2026	7. Etapa de assinatura do contrato	APROVADO	NAO	20
15/08/2026	7. Etapa de assinatura do contrato	APROVADO	SIM	52
15/08/2026	8. Etapa de Conclusão Total Cartao Afinz	APROVADO	NAO	20
15/08/2026	8. Etapa de Conclusão Total Cartao Afinz	APROVADO	SIM	52
16/08/2026	0. Etapa de Digitação de CPF		0	616
16/08/2026	1. Etapa de início do onboarding		0	609
16/08/2026	1. Etapa de início do onboarding	APROVADO	NAO	1412
16/08/2026	2. Etapa de geolocalizacao	APROVADO	NAO	14
16/08/2026	2. Etapa de geolocalizacao	APROVADO	SIM	54
16/08/2026	3. Etapa de fotos do documento	APROVADO	NAO	14
16/08/2026	3. Etapa de fotos do documento	APROVADO	SIM	49
16/08/2026	4. Etapa de biometria	APROVADO	NAO	13
16/08/2026	4. Etapa de biometria	APROVADO	SIM	48
16/08/2026	5. Etapa de endereço	APROVADO	NAO	12
16/08/2026	5. Etapa de endereço	APROVADO	SIM	50
16/08/2026	6. Etapa de personalização do cartão	APROVADO	NAO	12
16/08/2026	6. Etapa de personalização do cartão	APROVADO	SIM	50
16/08/2026	7. Etapa de assinatura do contrato	APROVADO	NAO	8
16/08/2026	7. Etapa de assinatura do contrato	APROVADO	SIM	46
16/08/2026	8. Etapa de Conclusão Total Cartao Afinz	APROVADO	NAO	8
16/08/2026	8. Etapa de Conclusão Total Cartao Afinz	APROVADO	SIM	46
17/08/2026	0. Etapa de Digitação de CPF		0	873
17/08/2026	1. Etapa de início do onboarding		0	991
17/08/2026	1. Etapa de início do onboarding	APROVADO	NAO	2314
17/08/2026	2. Etapa de geolocalizacao	APROVADO	NAO	9
17/08/2026	2. Etapa de geolocalizacao	APROVADO	SIM	54
17/08/2026	3. Etapa de fotos do documento	APROVADO	NAO	13
17/08/2026	3. Etapa de fotos do documento	APROVADO	SIM	43
17/08/2026	4. Etapa de biometria	APROVADO	NAO	13
17/08/2026	4. Etapa de biometria	APROVADO	SIM	41
17/08/2026	5. Etapa de endereço	APROVADO	NAO	13
17/08/2026	5. Etapa de endereço	APROVADO	SIM	41
17/08/2026	6. Etapa de personalização do cartão	APROVADO	NAO	13
17/08/2026	6. Etapa de personalização do cartão	APROVADO	SIM	41
17/08/2026	7. Etapa de assinatura do contrato	APROVADO	NAO	11
17/08/2026	7. Etapa de assinatura do contrato	APROVADO	SIM	41
17/08/2026	8. Etapa de Conclusão Total Cartao Afinz	APROVADO	NAO	11
17/08/2026	8. Etapa de Conclusão Total Cartao Afinz	APROVADO	SIM	41
18/08/2026	0. Etapa de Digitação de CPF		0	1264
18/08/2026	1. Etapa de início do onboarding		0	1109
18/08/2026	1. Etapa de início do onboarding	APROVADO	NAO	2442
18/08/2026	2. Etapa de geolocalizacao	APROVADO	NAO	62
18/08/2026	2. Etapa de geolocalizacao	APROVADO	SIM	130
18/08/2026	3. Etapa de fotos do documento	APROVADO	NAO	47
18/08/2026	3. Etapa de fotos do documento	APROVADO	SIM	107
18/08/2026	4. Etapa de biometria	APROVADO	NAO	44
18/08/2026	4. Etapa de biometria	APROVADO	SIM	105
18/08/2026	5. Etapa de endereço	APROVADO	NAO	44
18/08/2026	5. Etapa de endereço	APROVADO	SIM	105
18/08/2026	6. Etapa de personalização do cartão	APROVADO	NAO	44
18/08/2026	6. Etapa de personalização do cartão	APROVADO	SIM	105
18/08/2026	7. Etapa de assinatura do contrato	APROVADO	NAO	39
18/08/2026	7. Etapa de assinatura do contrato	APROVADO	SIM	101
18/08/2026	7.1 Finalização (automática)	APROVADO	NAO	1
18/08/2026	8. Etapa de Conclusão Total Cartao Afinz	APROVADO	NAO	38
18/08/2026	8. Etapa de Conclusão Total Cartao Afinz	APROVADO	SIM	100
19/08/2026	0. Etapa de Digitação de CPF		0	1300
19/08/2026	1. Etapa de início do onboarding		0	958
19/08/2026	1. Etapa de início do onboarding	APROVADO	NAO	2122
19/08/2026	2. Etapa de geolocalizacao	APROVADO	NAO	32
19/08/2026	2. Etapa de geolocalizacao	APROVADO	SIM	123
19/08/2026	3. Etapa de fotos do documento	APROVADO	NAO	30
19/08/2026	3. Etapa de fotos do documento	APROVADO	SIM	98
19/08/2026	4. Etapa de biometria	APROVADO	NAO	29
19/08/2026	4. Etapa de biometria	APROVADO	SIM	96
19/08/2026	5. Etapa de endereço	APROVADO	NAO	29
19/08/2026	5. Etapa de endereço	APROVADO	SIM	96
19/08/2026	6. Etapa de personalização do cartão	APROVADO	NAO	29
19/08/2026	6. Etapa de personalização do cartão	APROVADO	SIM	96
19/08/2026	7. Etapa de assinatura do contrato	APROVADO	NAO	24
19/08/2026	7. Etapa de assinatura do contrato	APROVADO	SIM	95
19/08/2026	7.1 Finalização (automática)	APROVADO	SIM	1
19/08/2026	8. Etapa de Conclusão Total Cartao Afinz	APROVADO	NAO	24
19/08/2026	8. Etapa de Conclusão Total Cartao Afinz	APROVADO	SIM	94
20/08/2026	0. Etapa de Digitação de CPF		0	1156
20/08/2026	1. Etapa de início do onboarding		0	987
20/08/2026	1. Etapa de início do onboarding	APROVADO	NAO	2251
20/08/2026	2. Etapa de geolocalizacao	APROVADO	NAO	8
20/08/2026	2. Etapa de geolocalizacao	APROVADO	SIM	113
20/08/2026	3. Etapa de fotos do documento	APROVADO	NAO	8
20/08/2026	3. Etapa de fotos do documento	APROVADO	SIM	102
20/08/2026	4. Etapa de biometria	APROVADO	NAO	8
20/08/2026	4. Etapa de biometria	APROVADO	SIM	103
20/08/2026	5. Etapa de endereço	APROVADO	NAO	8
20/08/2026	5. Etapa de endereço	APROVADO	SIM	103
20/08/2026	6. Etapa de personalização do cartão	APROVADO	NAO	8
20/08/2026	6. Etapa de personalização do cartão	APROVADO	SIM	103
20/08/2026	7. Etapa de assinatura do contrato	APROVADO	NAO	8
20/08/2026	7. Etapa de assinatura do contrato	APROVADO	SIM	99
20/08/2026	7.1 Finalização (automática)	APROVADO	SIM	1
20/08/2026	8. Etapa de Conclusão Total Cartao Afinz	APROVADO	NAO	8
20/08/2026	8. Etapa de Conclusão Total Cartao Afinz	APROVADO	SIM	98
21/08/2026	0. Etapa de Digitação de CPF		0	1373
21/08/2026	1. Etapa de início do onboarding		0	949
21/08/2026	1. Etapa de início do onboarding	APROVADO	NAO	2085
21/08/2026	2. Etapa de geolocalizacao	APROVADO	NAO	43
21/08/2026	2. Etapa de geolocalizacao	APROVADO	SIM	98
21/08/2026	3. Etapa de fotos do documento	APROVADO	NAO	38
21/08/2026	3. Etapa de fotos do documento	APROVADO	SIM	93
21/08/2026	4. Etapa de biometria	APROVADO	NAO	38
21/08/2026	4. Etapa de biometria	APROVADO	SIM	89
21/08/2026	5. Etapa de endereço	APROVADO	NAO	38
21/08/2026	5. Etapa de endereço	APROVADO	SIM	89
21/08/2026	6. Etapa de personalização do cartão	APROVADO	NAO	38
21/08/2026	6. Etapa de personalização do cartão	APROVADO	SIM	89
21/08/2026	7. Etapa de assinatura do contrato	APROVADO	NAO	34
21/08/2026	7. Etapa de assinatura do contrato	APROVADO	SIM	86
21/08/2026	7.1 Finalização (automática)	APROVADO	SIM	2
21/08/2026	8. Etapa de Conclusão Total Cartao Afinz	APROVADO	NAO	34
21/08/2026	8. Etapa de Conclusão Total Cartao Afinz	APROVADO	SIM	84
22/08/2026	0. Etapa de Digitação de CPF		0	1662
22/08/2026	1. Etapa de início do onboarding		0	772
22/08/2026	1. Etapa de início do onboarding	APROVADO	NAO	1729
22/08/2026	2. Etapa de geolocalizacao	APROVADO	NAO	19
22/08/2026	2. Etapa de geolocalizacao	APROVADO	SIM	97
22/08/2026	3. Etapa de fotos do documento	APROVADO	NAO	20
22/08/2026	3. Etapa de fotos do documento	APROVADO	SIM	84
22/08/2026	4. Etapa de biometria	APROVADO	NAO	20
22/08/2026	4. Etapa de biometria	APROVADO	SIM	84
22/08/2026	5. Etapa de endereço	APROVADO	NAO	20
22/08/2026	5. Etapa de endereço	APROVADO	SIM	84
22/08/2026	6. Etapa de personalização do cartão	APROVADO	NAO	20
22/08/2026	6. Etapa de personalização do cartão	APROVADO	SIM	83
22/08/2026	7. Etapa de assinatura do contrato	APROVADO	NAO	20
22/08/2026	7. Etapa de assinatura do contrato	APROVADO	SIM	81
22/08/2026	8. Etapa de Conclusão Total Cartao Afinz	APROVADO	NAO	20
22/08/2026	8. Etapa de Conclusão Total Cartao Afinz	APROVADO	SIM	81
23/08/2026	0. Etapa de Digitação de CPF		0	1199
23/08/2026	1. Etapa de início do onboarding		0	674
23/08/2026	1. Etapa de início do onboarding	APROVADO	NAO	1794
23/08/2026	2. Etapa de geolocalizacao	APROVADO	NAO	12
23/08/2026	2. Etapa de geolocalizacao	APROVADO	SIM	114
23/08/2026	3. Etapa de fotos do documento	APROVADO	NAO	11
23/08/2026	3. Etapa de fotos do documento	APROVADO	SIM	109
23/08/2026	4. Etapa de biometria	APROVADO	NAO	10
23/08/2026	4. Etapa de biometria	APROVADO	SIM	107
23/08/2026	5. Etapa de endereço	APROVADO	NAO	10
23/08/2026	5. Etapa de endereço	APROVADO	SIM	107
23/08/2026	6. Etapa de personalização do cartão	APROVADO	NAO	10
23/08/2026	6. Etapa de personalização do cartão	APROVADO	SIM	106
23/08/2026	7. Etapa de assinatura do contrato	APROVADO	NAO	10
23/08/2026	7. Etapa de assinatura do contrato	APROVADO	SIM	101
23/08/2026	8. Etapa de Conclusão Total Cartao Afinz	APROVADO	NAO	10
23/08/2026	8. Etapa de Conclusão Total Cartao Afinz	APROVADO	SIM	103
24/08/2026	0. Etapa de Digitação de CPF		0	1692
24/08/2026	1. Etapa de início do onboarding		0	997
24/08/2026	1. Etapa de início do onboarding	APROVADO	NAO	4562
24/08/2026	2. Etapa de geolocalizacao	APROVADO	NAO	21
24/08/2026	2. Etapa de geolocalizacao	APROVADO	SIM	320
24/08/2026	3. Etapa de fotos do documento	APROVADO	NAO	24
24/08/2026	3. Etapa de fotos do documento	APROVADO	SIM	262
24/08/2026	4. Etapa de biometria	APROVADO	NAO	22
24/08/2026	4. Etapa de biometria	APROVADO	SIM	254
24/08/2026	5. Etapa de endereço	APROVADO	NAO	24
24/08/2026	5. Etapa de endereço	APROVADO	SIM	250
24/08/2026	6. Etapa de personalização do cartão	APROVADO	NAO	24
24/08/2026	6. Etapa de personalização do cartão	APROVADO	SIM	250
24/08/2026	7. Etapa de assinatura do contrato	APROVADO	NAO	24
24/08/2026	7. Etapa de assinatura do contrato	APROVADO	SIM	242
24/08/2026	8. Etapa de Conclusão Total Cartao Afinz	APROVADO	NAO	24
24/08/2026	8. Etapa de Conclusão Total Cartao Afinz	APROVADO	SIM	240
25/08/2026	0. Etapa de Digitação de CPF		0	1949
25/08/2026	1. Etapa de início do onboarding		0	1144
25/08/2026	1. Etapa de início do onboarding	APROVADO	NAO	5062
25/08/2026	2. Etapa de geolocalizacao	APROVADO	NAO	60
25/08/2026	2. Etapa de geolocalizacao	APROVADO	SIM	340
25/08/2026	3. Etapa de fotos do documento	APROVADO	NAO	47
25/08/2026	3. Etapa de fotos do documento	APROVADO	SIM	290
25/08/2026	4. Etapa de biometria	APROVADO	NAO	49
25/08/2026	4. Etapa de biometria	APROVADO	SIM	286
25/08/2026	5. Etapa de endereço	APROVADO	NAO	49
25/08/2026	5. Etapa de endereço	APROVADO	SIM	288
25/08/2026	6. Etapa de personalização do cartão	APROVADO	NAO	49
25/08/2026	6. Etapa de personalização do cartão	APROVADO	SIM	288
25/08/2026	7. Etapa de assinatura do contrato	APROVADO	NAO	44
25/08/2026	7. Etapa de assinatura do contrato	APROVADO	SIM	284
25/08/2026	7.1 Finalização (automática)	APROVADO	SIM	2
25/08/2026	8. Etapa de Conclusão Total Cartao Afinz	APROVADO	NAO	44
25/08/2026	8. Etapa de Conclusão Total Cartao Afinz	APROVADO	SIM	284
26/08/2026	0. Etapa de Digitação de CPF		0	1644
26/08/2026	1. Etapa de início do onboarding		0	992
26/08/2026	1. Etapa de início do onboarding	APROVADO	NAO	4572
26/08/2026	2. Etapa de geolocalizacao	APROVADO	NAO	31
26/08/2026	2. Etapa de geolocalizacao	APROVADO	SIM	298
26/08/2026	3. Etapa de fotos do documento	APROVADO	NAO	30
26/08/2026	3. Etapa de fotos do documento	APROVADO	SIM	252
26/08/2026	4. Etapa de biometria	APROVADO	NAO	33
26/08/2026	4. Etapa de biometria	APROVADO	SIM	238
26/08/2026	5. Etapa de endereço	APROVADO	NAO	35
26/08/2026	5. Etapa de endereço	APROVADO	SIM	236
26/08/2026	6. Etapa de personalização do cartão	APROVADO	NAO	35
26/08/2026	6. Etapa de personalização do cartão	APROVADO	SIM	236
26/08/2026	7. Etapa de assinatura do contrato	APROVADO	NAO	36
26/08/2026	7. Etapa de assinatura do contrato	APROVADO	SIM	228
26/08/2026	7.1 Finalização (automática)	APROVADO	SIM	2
26/08/2026	8. Etapa de Conclusão Total Cartao Afinz	APROVADO	NAO	36
26/08/2026	8. Etapa de Conclusão Total Cartao Afinz	APROVADO	SIM	226
27/08/2026	0. Etapa de Digitação de CPF		0	1531
27/08/2026	1. Etapa de início do onboarding		0	938
27/08/2026	1. Etapa de início do onboarding	APROVADO	NAO	4260
27/08/2026	2. Etapa de geolocalizacao	APROVADO	NAO	23
27/08/2026	2. Etapa de geolocalizacao	APROVADO	SIM	315
27/08/2026	3. Etapa de fotos do documento	APROVADO	NAO	23
27/08/2026	3. Etapa de fotos do documento	APROVADO	SIM	274
27/08/2026	4. Etapa de biometria	APROVADO	NAO	17
27/08/2026	4. Etapa de biometria	APROVADO	SIM	262
27/08/2026	5. Etapa de endereço	APROVADO	NAO	17
27/08/2026	5. Etapa de endereço	APROVADO	SIM	262
27/08/2026	6. Etapa de personalização do cartão	APROVADO	NAO	17
27/08/2026	6. Etapa de personalização do cartão	APROVADO	SIM	262
27/08/2026	7. Etapa de assinatura do contrato	APROVADO	NAO	10
27/08/2026	7. Etapa de assinatura do contrato	APROVADO	SIM	252
27/08/2026	7.1 Finalização (automática)	APROVADO	SIM	4
27/08/2026	8. Etapa de Conclusão Total Cartao Afinz	APROVADO	NAO	10
27/08/2026	8. Etapa de Conclusão Total Cartao Afinz	APROVADO	SIM	248
28/08/2026	0. Etapa de Digitação de CPF		0	1382
28/08/2026	1. Etapa de início do onboarding		0	917
28/08/2026	1. Etapa de início do onboarding	APROVADO	NAO	4167
28/08/2026	2. Etapa de geolocalizacao	APROVADO	NAO	20
28/08/2026	2. Etapa de geolocalizacao	APROVADO	SIM	336
28/08/2026	3. Etapa de fotos do documento	APROVADO	NAO	11
28/08/2026	3. Etapa de fotos do documento	APROVADO	SIM	308
28/08/2026	4. Etapa de biometria	APROVADO	NAO	10
28/08/2026	4. Etapa de biometria	APROVADO	SIM	306
28/08/2026	5. Etapa de endereço	APROVADO	NAO	10
28/08/2026	5. Etapa de endereço	APROVADO	SIM	306
28/08/2026	6. Etapa de personalização do cartão	APROVADO	NAO	10
28/08/2026	6. Etapa de personalização do cartão	APROVADO	SIM	306
28/08/2026	7. Etapa de assinatura do contrato	APROVADO	NAO	8
28/08/2026	7. Etapa de assinatura do contrato	APROVADO	SIM	298
28/08/2026	7.1 Finalização (automática)	APROVADO	SIM	2
28/08/2026	8. Etapa de Conclusão Total Cartao Afinz	APROVADO	NAO	8
28/08/2026	8. Etapa de Conclusão Total Cartao Afinz	APROVADO	SIM	296
29/08/2026	0. Etapa de Digitação de CPF		0	1177
29/08/2026	1. Etapa de início do onboarding		0	701
29/08/2026	1. Etapa de início do onboarding	APROVADO	NAO	3031
29/08/2026	2. Etapa de geolocalizacao	APROVADO	NAO	6
29/08/2026	2. Etapa de geolocalizacao	APROVADO	SIM	147
29/08/2026	3. Etapa de fotos do documento	APROVADO	NAO	4
29/08/2026	3. Etapa de fotos do documento	APROVADO	SIM	143
29/08/2026	4. Etapa de biometria	APROVADO	NAO	4
29/08/2026	4. Etapa de biometria	APROVADO	SIM	143
29/08/2026	5. Etapa de endereço	APROVADO	NAO	4
29/08/2026	5. Etapa de endereço	APROVADO	SIM	143
29/08/2026	6. Etapa de personalização do cartão	APROVADO	NAO	4
29/08/2026	6. Etapa de personalização do cartão	APROVADO	SIM	141
29/08/2026	7. Etapa de assinatura do contrato	APROVADO	NAO	6
29/08/2026	7. Etapa de assinatura do contrato	APROVADO	SIM	141
29/08/2026	7.1 Finalização (automática)	APROVADO	SIM	2
29/08/2026	8. Etapa de Conclusão Total Cartao Afinz	APROVADO	NAO	6
29/08/2026	8. Etapa de Conclusão Total Cartao Afinz	APROVADO	SIM	139
30/08/2026	0. Etapa de Digitação de CPF		0	1057
30/08/2026	1. Etapa de início do onboarding		0	655
30/08/2026	1. Etapa de início do onboarding	APROVADO	NAO	1504
30/08/2026	2. Etapa de geolocalizacao	APROVADO	NAO	4
30/08/2026	2. Etapa de geolocalizacao	APROVADO	SIM	38
30/08/2026	3. Etapa de fotos do documento	APROVADO	NAO	3
30/08/2026	3. Etapa de fotos do documento	APROVADO	SIM	38
30/08/2026	4. Etapa de biometria	APROVADO	NAO	3
30/08/2026	4. Etapa de biometria	APROVADO	SIM	38
30/08/2026	5. Etapa de endereço	APROVADO	NAO	3
30/08/2026	5. Etapa de endereço	APROVADO	SIM	38
30/08/2026	6. Etapa de personalização do cartão	APROVADO	NAO	3
30/08/2026	6. Etapa de personalização do cartão	APROVADO	SIM	38
30/08/2026	7. Etapa de assinatura do contrato	APROVADO	NAO	3
30/08/2026	7. Etapa de assinatura do contrato	APROVADO	SIM	37
30/08/2026	8. Etapa de Conclusão Total Cartao Afinz	APROVADO	NAO	3
30/08/2026	8. Etapa de Conclusão Total Cartao Afinz	APROVADO	SIM	37
31/08/2026	0. Etapa de Digitação de CPF		0	1428
31/08/2026	1. Etapa de início do onboarding		0	955
31/08/2026	1. Etapa de início do onboarding	APROVADO	NAO	2305
31/08/2026	2. Etapa de geolocalizacao	APROVADO	NAO	1
31/08/2026	2. Etapa de geolocalizacao	APROVADO	SIM	130
31/08/2026	3. Etapa de fotos do documento	APROVADO	NAO	5
31/08/2026	3. Etapa de fotos do documento	APROVADO	SIM	116
31/08/2026	4. Etapa de biometria	APROVADO	NAO	4
31/08/2026	4. Etapa de biometria	APROVADO	SIM	115
31/08/2026	5. Etapa de endereço	APROVADO	NAO	4
31/08/2026	5. Etapa de endereço	APROVADO	SIM	115
31/08/2026	6. Etapa de personalização do cartão	APROVADO	NAO	4
31/08/2026	6. Etapa de personalização do cartão	APROVADO	SIM	115
31/08/2026	7. Etapa de assinatura do contrato	APROVADO	NAO	3
31/08/2026	7. Etapa de assinatura do contrato	APROVADO	SIM	109
31/08/2026	7.1 Finalização (automática)	APROVADO	SIM	5
31/08/2026	8. Etapa de Conclusão Total Cartao Afinz	APROVADO	NAO	3
31/08/2026	8. Etapa de Conclusão Total Cartao Afinz	APROVADO	SIM	105
01/09/2026	0. Etapa de Digitação de CPF		0	1464
01/09/2026	1. Etapa de início do onboarding		0	964
01/09/2026	1. Etapa de início do onboarding	APROVADO	NAO	2332
01/09/2026	2. Etapa de geolocalizacao	APROVADO	SIM	61
01/09/2026	3. Etapa de fotos do documento	APROVADO	NAO	1
01/09/2026	3. Etapa de fotos do documento	APROVADO	SIM	62
01/09/2026	4. Etapa de biometria	APROVADO	NAO	1
01/09/2026	4. Etapa de biometria	APROVADO	SIM	59
01/09/2026	5. Etapa de endereço	APROVADO	NAO	1
01/09/2026	5. Etapa de endereço	APROVADO	SIM	59
01/09/2026	6. Etapa de personalização do cartão	APROVADO	NAO	1
01/09/2026	6. Etapa de personalização do cartão	APROVADO	SIM	59
01/09/2026	7. Etapa de assinatura do contrato	APROVADO	NAO	1
01/09/2026	7. Etapa de assinatura do contrato	APROVADO	SIM	59
01/09/2026	7.1 Finalização (automática)	APROVADO	SIM	10
01/09/2026	8. Etapa de Conclusão Total Cartao Afinz	APROVADO	NAO	1
01/09/2026	8. Etapa de Conclusão Total Cartao Afinz	APROVADO	SIM	49
02/09/2026	0. Etapa de Digitação de CPF		0	1328
02/09/2026	1. Etapa de início do onboarding		0	933
02/09/2026	1. Etapa de início do onboarding	APROVADO	NAO	2166
02/09/2026	2. Etapa de geolocalizacao	APROVADO	SIM	134
02/09/2026	3. Etapa de fotos do documento	APROVADO	SIM	111
02/09/2026	4. Etapa de biometria	APROVADO	SIM	108
02/09/2026	5. Etapa de endereço	APROVADO	SIM	106
02/09/2026	6. Etapa de personalização do cartão	APROVADO	SIM	105
02/09/2026	7. Etapa de assinatura do contrato	APROVADO	NAO	1
02/09/2026	7. Etapa de assinatura do contrato	APROVADO	SIM	101
02/09/2026	8. Etapa de Conclusão Total Cartao Afinz	APROVADO	SIM	101
03/09/2026	0. Etapa de Digitação de CPF		0	1172
03/09/2026	1. Etapa de início do onboarding		0	853
03/09/2026	1. Etapa de início do onboarding	APROVADO	NAO	2054
03/09/2026	2. Etapa de geolocalizacao	APROVADO	NAO	1
03/09/2026	2. Etapa de geolocalizacao	APROVADO	SIM	87
03/09/2026	3. Etapa de fotos do documento	APROVADO	NAO	1
03/09/2026	3. Etapa de fotos do documento	APROVADO	SIM	66
03/09/2026	4. Etapa de biometria	APROVADO	NAO	1
03/09/2026	4. Etapa de biometria	APROVADO	SIM	64
03/09/2026	5. Etapa de endereço	APROVADO	NAO	1
03/09/2026	5. Etapa de endereço	APROVADO	SIM	64
03/09/2026	6. Etapa de personalização do cartão	APROVADO	NAO	1
03/09/2026	6. Etapa de personalização do cartão	APROVADO	SIM	64
03/09/2026	7. Etapa de assinatura do contrato	APROVADO	NAO	2
03/09/2026	7. Etapa de assinatura do contrato	APROVADO	SIM	61
03/09/2026	8. Etapa de Conclusão Total Cartao Afinz	APROVADO	NAO	2
03/09/2026	8. Etapa de Conclusão Total Cartao Afinz	APROVADO	SIM	60
04/09/2026	0. Etapa de Digitação de CPF		0	1450
04/09/2026	1. Etapa de início do onboarding		0	1094
04/09/2026	1. Etapa de início do onboarding	APROVADO	NAO	2522
04/09/2026	2. Etapa de geolocalizacao	APROVADO	NAO	4
04/09/2026	2. Etapa de geolocalizacao	APROVADO	SIM	113
04/09/2026	3. Etapa de fotos do documento	APROVADO	NAO	4
04/09/2026	3. Etapa de fotos do documento	APROVADO	SIM	94
04/09/2026	4. Etapa de biometria	APROVADO	NAO	4
04/09/2026	4. Etapa de biometria	APROVADO	SIM	89
04/09/2026	5. Etapa de endereço	APROVADO	NAO	4
04/09/2026	5. Etapa de endereço	APROVADO	SIM	89
04/09/2026	6. Etapa de personalização do cartão	APROVADO	NAO	4
04/09/2026	6. Etapa de personalização do cartão	APROVADO	SIM	90
04/09/2026	7. Etapa de assinatura do contrato	APROVADO	NAO	4
04/09/2026	7. Etapa de assinatura do contrato	APROVADO	SIM	89
04/09/2026	8. Etapa de Conclusão Total Cartao Afinz	APROVADO	NAO	4
04/09/2026	8. Etapa de Conclusão Total Cartao Afinz	APROVADO	SIM	89
05/09/2026	0. Etapa de Digitação de CPF		0	1225
05/09/2026	1. Etapa de início do onboarding		0	715
05/09/2026	1. Etapa de início do onboarding	APROVADO	NAO	1653
05/09/2026	2. Etapa de geolocalizacao	APROVADO	NAO	11
05/09/2026	2. Etapa de geolocalizacao	APROVADO	SIM	125
05/09/2026	3. Etapa de fotos do documento	APROVADO	NAO	10
05/09/2026	3. Etapa de fotos do documento	APROVADO	SIM	110
05/09/2026	4. Etapa de biometria	APROVADO	NAO	10
05/09/2026	4. Etapa de biometria	APROVADO	SIM	111
05/09/2026	5. Etapa de endereço	APROVADO	NAO	10
05/09/2026	5. Etapa de endereço	APROVADO	SIM	111
05/09/2026	6. Etapa de personalização do cartão	APROVADO	NAO	10
05/09/2026	6. Etapa de personalização do cartão	APROVADO	SIM	111
05/09/2026	7. Etapa de assinatura do contrato	APROVADO	NAO	8
05/09/2026	7. Etapa de assinatura do contrato	APROVADO	SIM	103
05/09/2026	7.1 Finalização (automática)	APROVADO	SIM	2
05/09/2026	8. Etapa de Conclusão Total Cartao Afinz	APROVADO	NAO	8
05/09/2026	8. Etapa de Conclusão Total Cartao Afinz	APROVADO	SIM	100
06/09/2026	0. Etapa de Digitação de CPF		0	915
06/09/2026	1. Etapa de início do onboarding		0	603
06/09/2026	1. Etapa de início do onboarding	APROVADO	NAO	1373
06/09/2026	2. Etapa de geolocalizacao	APROVADO	NAO	1
06/09/2026	2. Etapa de geolocalizacao	APROVADO	SIM	85
06/09/2026	3. Etapa de fotos do documento	APROVADO	NAO	1
06/09/2026	3. Etapa de fotos do documento	APROVADO	SIM	78
06/09/2026	4. Etapa de biometria	APROVADO	NAO	1
06/09/2026	4. Etapa de biometria	APROVADO	SIM	76
06/09/2026	5. Etapa de endereço	APROVADO	NAO	1
06/09/2026	5. Etapa de endereço	APROVADO	SIM	76
06/09/2026	6. Etapa de personalização do cartão	APROVADO	NAO	1
06/09/2026	6. Etapa de personalização do cartão	APROVADO	SIM	76
06/09/2026	7. Etapa de assinatura do contrato	APROVADO	NAO	2
06/09/2026	7. Etapa de assinatura do contrato	APROVADO	SIM	72
06/09/2026	8. Etapa de Conclusão Total Cartao Afinz	APROVADO	NAO	2
06/09/2026	8. Etapa de Conclusão Total Cartao Afinz	APROVADO	SIM	72
07/09/2026	0. Etapa de Digitação de CPF		0	1164
07/09/2026	1. Etapa de início do onboarding		0	785
07/09/2026	1. Etapa de início do onboarding	APROVADO	NAO	1785
07/09/2026	2. Etapa de geolocalizacao	APROVADO	NAO	2
07/09/2026	2. Etapa de geolocalizacao	APROVADO	SIM	107
07/09/2026	3. Etapa de fotos do documento	APROVADO	NAO	1
07/09/2026	3. Etapa de fotos do documento	APROVADO	SIM	77
07/09/2026	4. Etapa de biometria	APROVADO	NAO	1
07/09/2026	4. Etapa de biometria	APROVADO	SIM	77
07/09/2026	5. Etapa de endereço	APROVADO	NAO	1
07/09/2026	5. Etapa de endereço	APROVADO	SIM	77
07/09/2026	6. Etapa de personalização do cartão	APROVADO	NAO	1
07/09/2026	6. Etapa de personalização do cartão	APROVADO	SIM	76
07/09/2026	7. Etapa de assinatura do contrato	APROVADO	NAO	1
07/09/2026	7. Etapa de assinatura do contrato	APROVADO	SIM	75
07/09/2026	7.1 Finalização (automática)	APROVADO	SIM	1
07/09/2026	8. Etapa de Conclusão Total Cartao Afinz	APROVADO	NAO	1
07/09/2026	8. Etapa de Conclusão Total Cartao Afinz	APROVADO	SIM	74
08/09/2026	0. Etapa de Digitação de CPF		0	1541
08/09/2026	1. Etapa de início do onboarding		0	1143
08/09/2026	1. Etapa de início do onboarding	APROVADO	NAO	2507
08/09/2026	2. Etapa de geolocalizacao	APROVADO	NAO	51
08/09/2026	2. Etapa de geolocalizacao	APROVADO	SIM	113
08/09/2026	3. Etapa de fotos do documento	APROVADO	NAO	36
08/09/2026	3. Etapa de fotos do documento	APROVADO	SIM	98
08/09/2026	4. Etapa de biometria	APROVADO	NAO	35
08/09/2026	4. Etapa de biometria	APROVADO	SIM	96
08/09/2026	5. Etapa de endereço	APROVADO	NAO	34
08/09/2026	5. Etapa de endereço	APROVADO	SIM	96
08/09/2026	6. Etapa de personalização do cartão	APROVADO	NAO	34
08/09/2026	6. Etapa de personalização do cartão	APROVADO	SIM	97
08/09/2026	7. Etapa de assinatura do contrato	APROVADO	NAO	27
08/09/2026	7. Etapa de assinatura do contrato	APROVADO	SIM	91
08/09/2026	7.1 Finalização (automática)	APROVADO	SIM	1
08/09/2026	8. Etapa de Conclusão Total Cartao Afinz	APROVADO	NAO	27
08/09/2026	8. Etapa de Conclusão Total Cartao Afinz	APROVADO	SIM	90
09/09/2026	0. Etapa de Digitação de CPF		0	1901
09/09/2026	1. Etapa de início do onboarding		0	1486
09/09/2026	1. Etapa de início do onboarding	APROVADO	NAO	2541
09/09/2026	2. Etapa de geolocalizacao	APROVADO	NAO	348
09/09/2026	2. Etapa de geolocalizacao	APROVADO	SIM	140
09/09/2026	3. Etapa de fotos do documento	APROVADO	NAO	279
09/09/2026	3. Etapa de fotos do documento	APROVADO	SIM	119
09/09/2026	4. Etapa de biometria	APROVADO	NAO	274
09/09/2026	4. Etapa de biometria	APROVADO	SIM	114
09/09/2026	5. Etapa de endereço	APROVADO	NAO	273
09/09/2026	5. Etapa de endereço	APROVADO	SIM	114
09/09/2026	6. Etapa de personalização do cartão	APROVADO	NAO	273
09/09/2026	6. Etapa de personalização do cartão	APROVADO	SIM	114
09/09/2026	7. Etapa de assinatura do contrato	APROVADO	NAO	261
09/09/2026	7. Etapa de assinatura do contrato	APROVADO	SIM	105
09/09/2026	8. Etapa de Conclusão Total Cartao Afinz	APROVADO	NAO	261
09/09/2026	8. Etapa de Conclusão Total Cartao Afinz	APROVADO	SIM	105
10/09/2026	0. Etapa de Digitação de CPF		0	1659
10/09/2026	1. Etapa de início do onboarding		0	1207
10/09/2026	1. Etapa de início do onboarding	APROVADO	NAO	2471
10/09/2026	2. Etapa de geolocalizacao	APROVADO	NAO	142
10/09/2026	2. Etapa de geolocalizacao	APROVADO	SIM	119
10/09/2026	3. Etapa de fotos do documento	APROVADO	NAO	126
10/09/2026	3. Etapa de fotos do documento	APROVADO	SIM	105
10/09/2026	4. Etapa de biometria	APROVADO	NAO	123
10/09/2026	4. Etapa de biometria	APROVADO	SIM	101
10/09/2026	5. Etapa de endereço	APROVADO	NAO	122
10/09/2026	5. Etapa de endereço	APROVADO	SIM	101
10/09/2026	6. Etapa de personalização do cartão	APROVADO	NAO	122
10/09/2026	6. Etapa de personalização do cartão	APROVADO	SIM	101
10/09/2026	7. Etapa de assinatura do contrato	APROVADO	NAO	115
10/09/2026	7. Etapa de assinatura do contrato	APROVADO	SIM	98
10/09/2026	7.1 Finalização (automática)	APROVADO	SIM	1
10/09/2026	8. Etapa de Conclusão Total Cartao Afinz	APROVADO	NAO	114
10/09/2026	8. Etapa de Conclusão Total Cartao Afinz	APROVADO	SIM	97
11/09/2026	0. Etapa de Digitação de CPF		0	1331
11/09/2026	1. Etapa de início do onboarding		0	958
11/09/2026	1. Etapa de início do onboarding	APROVADO	NAO	2140
11/09/2026	2. Etapa de geolocalizacao	APROVADO	NAO	26
11/09/2026	2. Etapa de geolocalizacao	APROVADO	SIM	108
11/09/2026	3. Etapa de fotos do documento	APROVADO	NAO	22
11/09/2026	3. Etapa de fotos do documento	APROVADO	SIM	99
11/09/2026	4. Etapa de biometria	APROVADO	NAO	22
11/09/2026	4. Etapa de biometria	APROVADO	SIM	95
11/09/2026	5. Etapa de endereço	APROVADO	NAO	23
11/09/2026	5. Etapa de endereço	APROVADO	SIM	95
11/09/2026	6. Etapa de personalização do cartão	APROVADO	NAO	23
11/09/2026	6. Etapa de personalização do cartão	APROVADO	SIM	95
11/09/2026	7. Etapa de assinatura do contrato	APROVADO	NAO	21
11/09/2026	7. Etapa de assinatura do contrato	APROVADO	SIM	90
11/09/2026	8. Etapa de Conclusão Total Cartao Afinz	APROVADO	NAO	22
11/09/2026	8. Etapa de Conclusão Total Cartao Afinz	APROVADO	SIM	90
12/09/2026	0. Etapa de Digitação de CPF		0	1278
12/09/2026	1. Etapa de início do onboarding		0	859
12/09/2026	1. Etapa de início do onboarding	APROVADO	NAO	1919
12/09/2026	2. Etapa de geolocalizacao	APROVADO	NAO	11
12/09/2026	2. Etapa de geolocalizacao	APROVADO	SIM	130
12/09/2026	3. Etapa de fotos do documento	APROVADO	NAO	13
12/09/2026	3. Etapa de fotos do documento	APROVADO	SIM	106
12/09/2026	4. Etapa de biometria	APROVADO	NAO	13
12/09/2026	4. Etapa de biometria	APROVADO	SIM	106
12/09/2026	5. Etapa de endereço	APROVADO	NAO	13
12/09/2026	5. Etapa de endereço	APROVADO	SIM	106
12/09/2026	6. Etapa de personalização do cartão	APROVADO	NAO	13
12/09/2026	6. Etapa de personalização do cartão	APROVADO	SIM	106
12/09/2026	7. Etapa de assinatura do contrato	APROVADO	NAO	14
12/09/2026	7. Etapa de assinatura do contrato	APROVADO	SIM	104
12/09/2026	8. Etapa de Conclusão Total Cartao Afinz	APROVADO	NAO	15
12/09/2026	8. Etapa de Conclusão Total Cartao Afinz	APROVADO	SIM	104
13/09/2026	0. Etapa de Digitação de CPF		0	1134
13/09/2026	1. Etapa de início do onboarding		0	707
13/09/2026	1. Etapa de início do onboarding	APROVADO	NAO	1592
13/09/2026	2. Etapa de geolocalizacao	APROVADO	NAO	12
13/09/2026	2. Etapa de geolocalizacao	APROVADO	SIM	99
13/09/2026	3. Etapa de fotos do documento	APROVADO	NAO	17
13/09/2026	3. Etapa de fotos do documento	APROVADO	SIM	87
13/09/2026	4. Etapa de biometria	APROVADO	NAO	17
13/09/2026	4. Etapa de biometria	APROVADO	SIM	86
13/09/2026	5. Etapa de endereço	APROVADO	NAO	16
13/09/2026	5. Etapa de endereço	APROVADO	SIM	85
13/09/2026	6. Etapa de personalização do cartão	APROVADO	NAO	16
13/09/2026	6. Etapa de personalização do cartão	APROVADO	SIM	85
13/09/2026	7. Etapa de assinatura do contrato	APROVADO	NAO	14
13/09/2026	7. Etapa de assinatura do contrato	APROVADO	SIM	80
13/09/2026	8. Etapa de Conclusão Total Cartao Afinz	APROVADO	NAO	14
13/09/2026	8. Etapa de Conclusão Total Cartao Afinz	APROVADO	SIM	80
14/09/2026	0. Etapa de Digitação de CPF		0	1322
14/09/2026	1. Etapa de início do onboarding		0	996
14/09/2026	1. Etapa de início do onboarding	APROVADO	NAO	2166
14/09/2026	2. Etapa de geolocalizacao	APROVADO	NAO	27
14/09/2026	2. Etapa de geolocalizacao	APROVADO	SIM	143
14/09/2026	3. Etapa de fotos do documento	APROVADO	NAO	25
14/09/2026	3. Etapa de fotos do documento	APROVADO	SIM	122
14/09/2026	4. Etapa de biometria	APROVADO	NAO	25
14/09/2026	4. Etapa de biometria	APROVADO	SIM	119
14/09/2026	5. Etapa de endereço	APROVADO	NAO	25
14/09/2026	5. Etapa de endereço	APROVADO	SIM	120
14/09/2026	6. Etapa de personalização do cartão	APROVADO	NAO	25
14/09/2026	6. Etapa de personalização do cartão	APROVADO	SIM	120
14/09/2026	7. Etapa de assinatura do contrato	APROVADO	NAO	22
14/09/2026	7. Etapa de assinatura do contrato	APROVADO	SIM	114
14/09/2026	7.1 Finalização (automática)	APROVADO	NAO	1
14/09/2026	8. Etapa de Conclusão Total Cartao Afinz	APROVADO	NAO	22
14/09/2026	8. Etapa de Conclusão Total Cartao Afinz	APROVADO	SIM	114
15/09/2026	0. Etapa de Digitação de CPF		0	1329
15/09/2026	1. Etapa de início do onboarding		0	1059
15/09/2026	1. Etapa de início do onboarding	APROVADO	NAO	2377
15/09/2026	2. Etapa de geolocalizacao	APROVADO	NAO	15
15/09/2026	2. Etapa de geolocalizacao	APROVADO	SIM	142
15/09/2026	3. Etapa de fotos do documento	APROVADO	NAO	15
15/09/2026	3. Etapa de fotos do documento	APROVADO	SIM	126
15/09/2026	4. Etapa de biometria	APROVADO	NAO	14
15/09/2026	4. Etapa de biometria	APROVADO	SIM	123
15/09/2026	5. Etapa de endereço	APROVADO	NAO	14
15/09/2026	5. Etapa de endereço	APROVADO	SIM	122
15/09/2026	6. Etapa de personalização do cartão	APROVADO	NAO	13
15/09/2026	6. Etapa de personalização do cartão	APROVADO	SIM	122
15/09/2026	7. Etapa de assinatura do contrato	APROVADO	NAO	14
15/09/2026	7. Etapa de assinatura do contrato	APROVADO	SIM	120
15/09/2026	7.1 Finalização (automática)	APROVADO	SIM	1
15/09/2026	8. Etapa de Conclusão Total Cartao Afinz	APROVADO	NAO	14
15/09/2026	8. Etapa de Conclusão Total Cartao Afinz	APROVADO	SIM	118
16/09/2026	0. Etapa de Digitação de CPF		0	1270
16/09/2026	1. Etapa de início do onboarding		0	948
16/09/2026	1. Etapa de início do onboarding	APROVADO	NAO	2184
16/09/2026	2. Etapa de geolocalizacao	APROVADO	NAO	8
16/09/2026	2. Etapa de geolocalizacao	APROVADO	SIM	89
16/09/2026	3. Etapa de fotos do documento	APROVADO	NAO	9
16/09/2026	3. Etapa de fotos do documento	APROVADO	SIM	80
16/09/2026	4. Etapa de biometria	APROVADO	NAO	7
16/09/2026	4. Etapa de biometria	APROVADO	SIM	77
16/09/2026	5. Etapa de endereço	APROVADO	NAO	7
16/09/2026	5. Etapa de endereço	APROVADO	SIM	77
16/09/2026	6. Etapa de personalização do cartão	APROVADO	NAO	7
16/09/2026	6. Etapa de personalização do cartão	APROVADO	SIM	77
16/09/2026	7. Etapa de assinatura do contrato	APROVADO	NAO	6
16/09/2026	7. Etapa de assinatura do contrato	APROVADO	SIM	74
16/09/2026	7.1 Finalização (automática)	APROVADO	NAO	1
16/09/2026	7.1 Finalização (automática)	APROVADO	SIM	2
16/09/2026	8. Etapa de Conclusão Total Cartao Afinz	APROVADO	NAO	5
16/09/2026	8. Etapa de Conclusão Total Cartao Afinz	APROVADO	SIM	72
17/09/2026	0. Etapa de Digitação de CPF		0	1664
17/09/2026	1. Etapa de início do onboarding		0	1130
17/09/2026	1. Etapa de início do onboarding	APROVADO	NAO	2136
17/09/2026	2. Etapa de geolocalizacao	APROVADO	NAO	169
17/09/2026	2. Etapa de geolocalizacao	APROVADO	SIM	133
17/09/2026	3. Etapa de fotos do documento	APROVADO	NAO	136
17/09/2026	3. Etapa de fotos do documento	APROVADO	SIM	119
17/09/2026	4. Etapa de biometria	APROVADO	NAO	135
17/09/2026	4. Etapa de biometria	APROVADO	SIM	116
17/09/2026	5. Etapa de endereço	APROVADO	NAO	133
17/09/2026	5. Etapa de endereço	APROVADO	SIM	117
17/09/2026	6. Etapa de personalização do cartão	APROVADO	NAO	133
17/09/2026	6. Etapa de personalização do cartão	APROVADO	SIM	117
17/09/2026	7. Etapa de assinatura do contrato	APROVADO	NAO	121
17/09/2026	7. Etapa de assinatura do contrato	APROVADO	SIM	115
17/09/2026	8. Etapa de Conclusão Total Cartao Afinz	APROVADO	NAO	121
17/09/2026	8. Etapa de Conclusão Total Cartao Afinz	APROVADO	SIM	115
18/09/2026	0. Etapa de Digitação de CPF		0	1616
18/09/2026	1. Etapa de início do onboarding		0	893
18/09/2026	1. Etapa de início do onboarding	APROVADO	NAO	1964
18/09/2026	2. Etapa de geolocalizacao	APROVADO	NAO	45
18/09/2026	2. Etapa de geolocalizacao	APROVADO	SIM	116
18/09/2026	3. Etapa de fotos do documento	APROVADO	NAO	44
18/09/2026	3. Etapa de fotos do documento	APROVADO	SIM	93
18/09/2026	4. Etapa de biometria	APROVADO	NAO	40
18/09/2026	4. Etapa de biometria	APROVADO	SIM	85
18/09/2026	5. Etapa de endereço	APROVADO	NAO	40
18/09/2026	5. Etapa de endereço	APROVADO	SIM	85
18/09/2026	6. Etapa de personalização do cartão	APROVADO	NAO	40
18/09/2026	6. Etapa de personalização do cartão	APROVADO	SIM	85
18/09/2026	7. Etapa de assinatura do contrato	APROVADO	NAO	38
18/09/2026	7. Etapa de assinatura do contrato	APROVADO	SIM	81
18/09/2026	7.1 Finalização (automática)	APROVADO	SIM	2
18/09/2026	8. Etapa de Conclusão Total Cartao Afinz	APROVADO	NAO	37
18/09/2026	8. Etapa de Conclusão Total Cartao Afinz	APROVADO	SIM	79
19/09/2026	0. Etapa de Digitação de CPF		0	1191
19/09/2026	1. Etapa de início do onboarding		0	724
19/09/2026	1. Etapa de início do onboarding	APROVADO	NAO	1653
19/09/2026	2. Etapa de geolocalizacao	APROVADO	NAO	14
19/09/2026	2. Etapa de geolocalizacao	APROVADO	SIM	105
19/09/2026	3. Etapa de fotos do documento	APROVADO	NAO	16
19/09/2026	3. Etapa de fotos do documento	APROVADO	SIM	92
19/09/2026	4. Etapa de biometria	APROVADO	NAO	16
19/09/2026	4. Etapa de biometria	APROVADO	SIM	90
19/09/2026	5. Etapa de endereço	APROVADO	NAO	16
19/09/2026	5. Etapa de endereço	APROVADO	SIM	90
19/09/2026	6. Etapa de personalização do cartão	APROVADO	NAO	16
19/09/2026	6. Etapa de personalização do cartão	APROVADO	SIM	90
19/09/2026	7. Etapa de assinatura do contrato	APROVADO	NAO	14
19/09/2026	7. Etapa de assinatura do contrato	APROVADO	SIM	89
19/09/2026	8. Etapa de Conclusão Total Cartao Afinz	APROVADO	NAO	14
19/09/2026	8. Etapa de Conclusão Total Cartao Afinz	APROVADO	SIM	89
20/09/2026	0. Etapa de Digitação de CPF		0	1050
20/09/2026	1. Etapa de início do onboarding		0	678
20/09/2026	1. Etapa de início do onboarding	APROVADO	NAO	1505
20/09/2026	2. Etapa de geolocalizacao	APROVADO	NAO	12
20/09/2026	2. Etapa de geolocalizacao	APROVADO	SIM	92
20/09/2026	3. Etapa de fotos do documento	APROVADO	NAO	10
20/09/2026	3. Etapa de fotos do documento	APROVADO	SIM	73
20/09/2026	4. Etapa de biometria	APROVADO	NAO	8
20/09/2026	4. Etapa de biometria	APROVADO	SIM	72
20/09/2026	5. Etapa de endereço	APROVADO	NAO	8
20/09/2026	5. Etapa de endereço	APROVADO	SIM	72
20/09/2026	6. Etapa de personalização do cartão	APROVADO	NAO	8
20/09/2026	6. Etapa de personalização do cartão	APROVADO	SIM	72
20/09/2026	7. Etapa de assinatura do contrato	APROVADO	NAO	7
20/09/2026	7. Etapa de assinatura do contrato	APROVADO	SIM	65
20/09/2026	8. Etapa de Conclusão Total Cartao Afinz	APROVADO	NAO	7
20/09/2026	8. Etapa de Conclusão Total Cartao Afinz	APROVADO	SIM	66
21/09/2026	0. Etapa de Digitação de CPF		0	1281
21/09/2026	1. Etapa de início do onboarding		0	842
21/09/2026	1. Etapa de início do onboarding	APROVADO	NAO	1945
21/09/2026	2. Etapa de geolocalizacao	APROVADO	NAO	10
21/09/2026	2. Etapa de geolocalizacao	APROVADO	SIM	100
21/09/2026	3. Etapa de fotos do documento	APROVADO	NAO	13
21/09/2026	3. Etapa de fotos do documento	APROVADO	SIM	85
21/09/2026	4. Etapa de biometria	APROVADO	NAO	13
21/09/2026	4. Etapa de biometria	APROVADO	SIM	82
21/09/2026	5. Etapa de endereço	APROVADO	NAO	13
21/09/2026	5. Etapa de endereço	APROVADO	SIM	81
21/09/2026	6. Etapa de personalização do cartão	APROVADO	NAO	13
21/09/2026	6. Etapa de personalização do cartão	APROVADO	SIM	81
21/09/2026	7. Etapa de assinatura do contrato	APROVADO	NAO	12
21/09/2026	7. Etapa de assinatura do contrato	APROVADO	SIM	80
21/09/2026	8. Etapa de Conclusão Total Cartao Afinz	APROVADO	NAO	12
21/09/2026	8. Etapa de Conclusão Total Cartao Afinz	APROVADO	SIM	80
22/09/2026	0. Etapa de Digitação de CPF		0	1729
22/09/2026	1. Etapa de início do onboarding		0	1177
22/09/2026	1. Etapa de início do onboarding	APROVADO	NAO	2316
22/09/2026	2. Etapa de geolocalizacao	APROVADO	NAO	164
22/09/2026	2. Etapa de geolocalizacao	APROVADO	SIM	111
22/09/2026	3. Etapa de fotos do documento	APROVADO	NAO	123
22/09/2026	3. Etapa de fotos do documento	APROVADO	SIM	104
22/09/2026	4. Etapa de biometria	APROVADO	NAO	118
22/09/2026	4. Etapa de biometria	APROVADO	SIM	96
22/09/2026	5. Etapa de endereço	APROVADO	NAO	118
22/09/2026	5. Etapa de endereço	APROVADO	SIM	97
22/09/2026	6. Etapa de personalização do cartão	APROVADO	NAO	118
22/09/2026	6. Etapa de personalização do cartão	APROVADO	SIM	97
22/09/2026	7. Etapa de assinatura do contrato	APROVADO	NAO	100
22/09/2026	7. Etapa de assinatura do contrato	APROVADO	SIM	93
22/09/2026	8. Etapa de Conclusão Total Cartao Afinz	APROVADO	NAO	100
22/09/2026	8. Etapa de Conclusão Total Cartao Afinz	APROVADO	SIM	92
23/09/2026	0. Etapa de Digitação de CPF		0	1438
23/09/2026	1. Etapa de início do onboarding		0	1174
23/09/2026	1. Etapa de início do onboarding	APROVADO	NAO	2641
23/09/2026	2. Etapa de geolocalizacao	APROVADO	NAO	41
23/09/2026	2. Etapa de geolocalizacao	APROVADO	SIM	100
23/09/2026	3. Etapa de fotos do documento	APROVADO	NAO	43
23/09/2026	3. Etapa de fotos do documento	APROVADO	SIM	88
23/09/2026	4. Etapa de biometria	APROVADO	NAO	38
23/09/2026	4. Etapa de biometria	APROVADO	SIM	83
23/09/2026	5. Etapa de endereço	APROVADO	NAO	39
23/09/2026	5. Etapa de endereço	APROVADO	SIM	83
23/09/2026	6. Etapa de personalização do cartão	APROVADO	NAO	38
23/09/2026	6. Etapa de personalização do cartão	APROVADO	SIM	83
23/09/2026	7. Etapa de assinatura do contrato	APROVADO	NAO	34
23/09/2026	7. Etapa de assinatura do contrato	APROVADO	SIM	80
23/09/2026	8. Etapa de Conclusão Total Cartao Afinz	APROVADO	NAO	34
23/09/2026	8. Etapa de Conclusão Total Cartao Afinz	APROVADO	SIM	80
24/09/2026	0. Etapa de Digitação de CPF		0	978
24/09/2026	1. Etapa de início do onboarding		0	1008
24/09/2026	1. Etapa de início do onboarding	APROVADO	NAO	2308
24/09/2026	2. Etapa de geolocalizacao	APROVADO	NAO	19
24/09/2026	2. Etapa de geolocalizacao	APROVADO	SIM	44
24/09/2026	3. Etapa de fotos do documento	APROVADO	NAO	18
24/09/2026	3. Etapa de fotos do documento	APROVADO	SIM	47
24/09/2026	4. Etapa de biometria	APROVADO	NAO	19
24/09/2026	4. Etapa de biometria	APROVADO	SIM	45
24/09/2026	5. Etapa de endereço	APROVADO	NAO	19
24/09/2026	5. Etapa de endereço	APROVADO	SIM	45
24/09/2026	6. Etapa de personalização do cartão	APROVADO	NAO	19
24/09/2026	6. Etapa de personalização do cartão	APROVADO	SIM	45
24/09/2026	7. Etapa de assinatura do contrato	APROVADO	NAO	18
24/09/2026	7. Etapa de assinatura do contrato	APROVADO	SIM	44
24/09/2026	8. Etapa de Conclusão Total Cartao Afinz	APROVADO	NAO	18
24/09/2026	8. Etapa de Conclusão Total Cartao Afinz	APROVADO	SIM	44
25/09/2026	0. Etapa de Digitação de CPF		0	905
25/09/2026	1. Etapa de início do onboarding		0	884
25/09/2026	1. Etapa de início do onboarding	APROVADO	NAO	2011
25/09/2026	2. Etapa de geolocalizacao	APROVADO	NAO	8
25/09/2026	2. Etapa de geolocalizacao	APROVADO	SIM	54
25/09/2026	3. Etapa de fotos do documento	APROVADO	NAO	15
25/09/2026	3. Etapa de fotos do documento	APROVADO	SIM	52
25/09/2026	4. Etapa de biometria	APROVADO	NAO	14
25/09/2026	4. Etapa de biometria	APROVADO	SIM	48
25/09/2026	5. Etapa de endereço	APROVADO	NAO	14
25/09/2026	5. Etapa de endereço	APROVADO	SIM	48
25/09/2026	6. Etapa de personalização do cartão	APROVADO	NAO	14
25/09/2026	6. Etapa de personalização do cartão	APROVADO	SIM	47
25/09/2026	7. Etapa de assinatura do contrato	APROVADO	NAO	14
25/09/2026	7. Etapa de assinatura do contrato	APROVADO	SIM	48
25/09/2026	8. Etapa de Conclusão Total Cartao Afinz	APROVADO	NAO	14
25/09/2026	8. Etapa de Conclusão Total Cartao Afinz	APROVADO	SIM	48
26/09/2026	0. Etapa de Digitação de CPF		0	744
26/09/2026	1. Etapa de início do onboarding		0	713
26/09/2026	1. Etapa de início do onboarding	APROVADO	NAO	1608
26/09/2026	2. Etapa de geolocalizacao	APROVADO	NAO	8
26/09/2026	2. Etapa de geolocalizacao	APROVADO	SIM	58
26/09/2026	3. Etapa de fotos do documento	APROVADO	NAO	5
26/09/2026	3. Etapa de fotos do documento	APROVADO	SIM	50
26/09/2026	4. Etapa de biometria	APROVADO	NAO	5
26/09/2026	4. Etapa de biometria	APROVADO	SIM	49
26/09/2026	5. Etapa de endereço	APROVADO	NAO	5
26/09/2026	5. Etapa de endereço	APROVADO	SIM	49
26/09/2026	6. Etapa de personalização do cartão	APROVADO	NAO	5
26/09/2026	6. Etapa de personalização do cartão	APROVADO	SIM	48
26/09/2026	7. Etapa de assinatura do contrato	APROVADO	NAO	6
26/09/2026	7. Etapa de assinatura do contrato	APROVADO	SIM	45
26/09/2026	8. Etapa de Conclusão Total Cartao Afinz	APROVADO	NAO	7
26/09/2026	8. Etapa de Conclusão Total Cartao Afinz	APROVADO	SIM	44
27/09/2026	0. Etapa de Digitação de CPF		0	640
27/09/2026	1. Etapa de início do onboarding		0	594
27/09/2026	1. Etapa de início do onboarding	APROVADO	NAO	1370
27/09/2026	2. Etapa de geolocalizacao	APROVADO	NAO	4
27/09/2026	2. Etapa de geolocalizacao	APROVADO	SIM	40
27/09/2026	3. Etapa de fotos do documento	APROVADO	NAO	2
27/09/2026	3. Etapa de fotos do documento	APROVADO	SIM	35
27/09/2026	4. Etapa de biometria	APROVADO	NAO	2
27/09/2026	4. Etapa de biometria	APROVADO	SIM	33
27/09/2026	5. Etapa de endereço	APROVADO	NAO	2
27/09/2026	5. Etapa de endereço	APROVADO	SIM	32
27/09/2026	6. Etapa de personalização do cartão	APROVADO	NAO	2
27/09/2026	6. Etapa de personalização do cartão	APROVADO	SIM	32
27/09/2026	7. Etapa de assinatura do contrato	APROVADO	NAO	2
27/09/2026	7. Etapa de assinatura do contrato	APROVADO	SIM	35
27/09/2026	8. Etapa de Conclusão Total Cartao Afinz	APROVADO	NAO	2
27/09/2026	8. Etapa de Conclusão Total Cartao Afinz	APROVADO	SIM	36
28/09/2026	0. Etapa de Digitação de CPF		0	29
28/09/2026	1. Etapa de início do onboarding	APROVADO	NAO	119
28/09/2026	3. Etapa de fotos do documento	APROVADO	SIM	1
28/09/2026	4. Etapa de biometria	APROVADO	SIM	1
28/09/2026	5. Etapa de endereço	APROVADO	SIM	1
28/09/2026	6. Etapa de personalização do cartão	APROVADO	SIM	1
28/09/2026	7. Etapa de assinatura do contrato	APROVADO	SIM	1
28/09/2026	8. Etapa de Conclusão Total Cartao Afinz	APROVADO	SIM	1
